Date,Open,High,Low,Close,Adj Close,Volume
27/1/2014,17.17,17.17,17.17,17.17,17.17,200
28/1/2014,17.17,17.17,17.17,17.17,17.17,0
29/1/2014,17.17,17.17,17.17,17.17,17.17,0
30/1/2014,17.17,17.17,17.17,17.17,17.17,0
31/1/2014,17.17,17.17,17.17,17.17,17.17,0
3/2/2014,16.299999,16.299999,16.299999,16.299999,16.299999,200
4/2/2014,16.299999,16.299999,16.299999,16.299999,16.299999,0
5/2/2014,16,16,16,16,16,0
6/2/2014,16,16,16,16,16,0
7/2/2014,16.299999,16.299999,16.299999,16.299999,16.299999,0
10/2/2014,16.299999,16.299999,16.299999,16.299999,16.299999,0
11/2/2014,16.299999,16.299999,16.299999,16.299999,16.299999,0
12/2/2014,16.299999,16.299999,16.299999,16.299999,16.299999,0
13/2/2014,16.299999,16.299999,16.299999,16.299999,16.299999,0
14/2/2014,16.299999,16.299999,16.299999,16.299999,16.299999,0
18/2/2014,15.18,15.43,15.05,15.05,15.05,1000
19/2/2014,15.05,15.05,15.05,15.05,15.05,0
20/2/2014,14.92,14.92,14.92,14.92,14.92,300
21/2/2014,14.92,14.92,14.92,14.92,14.92,0
24/2/2014,14.95,14.95,14.95,14.95,14.95,400
25/2/2014,15.3,15.3,15.3,15.3,15.3,2600
26/2/2014,15.49,15.49,15.096,15.2,15.2,254500
27/2/2014,14.75,14.75,14.75,14.75,14.75,1000
28/2/2014,14.5,14.5,14.5,14.5,14.5,500
3/3/2014,14.29,14.29,14.29,14.29,14.29,200
4/3/2014,14.62,14.62,14.62,14.62,14.62,400
5/3/2014,14.62,14.62,14.62,14.62,14.62,0
6/3/2014,14.07,14.07,13.951,14.07,14.07,700
7/3/2014,13.99,13.99,13.99,13.99,13.99,100
10/3/2014,13.99,13.99,13.99,13.99,13.99,0
11/3/2014,13.85,13.85,13.85,13.85,13.85,400
12/3/2014,13.85,13.85,13.85,13.85,13.85,300
13/3/2014,13.85,13.85,13.85,13.85,13.85,0
14/3/2014,13.85,13.85,13.85,13.85,13.85,0
17/3/2014,12.95,12.95,12.95,12.95,12.95,600
18/3/2014,12.95,12.95,12.95,12.95,12.95,0
19/3/2014,12.95,12.95,12.95,12.95,12.95,0
20/3/2014,12.95,12.95,12.95,12.95,12.95,0
21/3/2014,12.95,12.95,12.95,12.95,12.95,0
24/3/2014,12.95,12.95,12.95,12.95,12.95,0
25/3/2014,12.95,12.95,12.95,12.95,12.95,0
26/3/2014,12.965,13.14,12.965,13.14,13.14,400
27/3/2014,13,13,13,13,13,200
28/3/2014,13,13,13,13,13,0
31/3/2014,13,13,13,13,13,0
1/4/2014,13,13,13,13,13,0
2/4/2014,13,13,13,13,13,0
3/4/2014,13,13,13,13,13,0
4/4/2014,13,13,13,13,13,0
7/4/2014,13,13,13,13,13,0
8/4/2014,13,13,13,13,13,200
9/4/2014,13,13,13,13,13,0
10/4/2014,13,13,13,13,13,0
11/4/2014,13,13,13,13,13,0
14/4/2014,12.49,12.49,12.49,12.49,12.49,1000
15/4/2014,11.57,11.57,11.56,11.56,11.56,1300
16/4/2014,11.56,11.56,11.56,11.56,11.56,0
17/4/2014,11.56,11.56,11.56,11.56,11.56,0
21/4/2014,12.714,12.714,12.49,12.49,12.49,400
22/4/2014,12.49,12.49,12.49,12.49,12.49,0
23/4/2014,12.49,12.49,12.49,12.49,12.49,0
24/4/2014,12.49,12.49,12.49,12.49,12.49,0
25/4/2014,13.59,13.59,13.59,13.59,13.59,500
28/4/2014,13.59,13.59,13.59,13.59,13.59,0
29/4/2014,13.59,13.59,13.59,13.59,13.59,0
30/4/2014,13.59,13.59,13.59,13.59,13.59,0
1/5/2014,13.59,13.59,13.59,13.59,13.59,0
2/5/2014,13.59,13.59,13.59,13.59,13.59,0
5/5/2014,13.64,13.64,13.64,13.64,13.64,100
6/5/2014,13.64,13.64,13.64,13.64,13.64,0
7/5/2014,13.64,13.64,13.64,13.64,13.64,0
8/5/2014,13.04,13.04,13.04,13.04,13.04,300
9/5/2014,12.001,12.001,12,12,12,200
12/5/2014,12,12,12,12,12,0
13/5/2014,12,12,12,12,12,0
14/5/2014,12,12,12,12,12,0
15/5/2014,11.56,11.56,11.56,11.56,11.56,100
16/5/2014,11.56,11.56,11.56,11.56,11.56,0
19/5/2014,11.56,11.56,11.56,11.56,11.56,0
20/5/2014,11.56,11.56,11.56,11.56,11.56,0
21/5/2014,11.56,11.56,11.56,11.56,11.56,0
22/5/2014,11.71,11.71,11.71,11.71,11.71,100
23/5/2014,11.71,11.71,11.71,11.71,11.71,0
27/5/2014,11.71,11.71,11.71,11.71,11.71,0
28/5/2014,11.71,11.71,11.71,11.71,11.71,0
29/5/2014,12.77,12.77,12.77,12.77,12.77,1300
30/5/2014,12.77,12.77,12.77,12.77,12.77,0
2/6/2014,12.77,12.77,12.77,12.77,12.77,0
3/6/2014,12.77,12.77,12.77,12.77,12.77,0
4/6/2014,12.77,12.77,12.77,12.77,12.77,0
5/6/2014,12.77,12.77,12.77,12.77,12.77,0
6/6/2014,12.77,12.77,12.77,12.77,12.77,0
9/6/2014,12.77,12.77,12.77,12.77,12.77,0
10/6/2014,12.77,12.77,12.77,12.77,12.77,0
11/6/2014,12.77,12.77,12.77,12.77,12.77,0
12/6/2014,12.77,12.77,12.77,12.77,12.77,0
13/6/2014,12.5,12.5,12.5,12.5,12.5,2500
16/6/2014,12.384,12.4,12.384,12.4,12.4,200
17/6/2014,12.4,12.4,12.4,12.4,12.4,0
18/6/2014,12.4,12.4,12.4,12.4,12.4,0
19/6/2014,12.4,12.4,12.4,12.4,12.4,0
20/6/2014,12.4,12.4,12.4,12.4,12.4,0
23/6/2014,12.4,12.4,12.4,12.4,12.4,0
24/6/2014,12.6,12.6,12.42,12.43,12.43,37800
25/6/2014,12.43,12.43,12.43,12.43,12.43,0
26/6/2014,12.43,12.43,12.43,12.43,12.43,0
27/6/2014,12.43,12.43,12.43,12.43,12.43,0
30/6/2014,13.05,13.05,12.81,12.81,12.81,1000
1/7/2014,13.25,13.25,13.25,13.25,13.25,500
2/7/2014,13.25,13.25,13.25,13.25,13.25,0
3/7/2014,13.25,13.25,13.25,13.25,13.25,0
7/7/2014,13.25,13.25,13.25,13.25,13.25,0
8/7/2014,13.25,13.25,13.25,13.25,13.25,0
9/7/2014,13.25,13.25,13.25,13.25,13.25,0
10/7/2014,13.25,13.25,13.25,13.25,13.25,0
11/7/2014,13.25,13.25,13.25,13.25,13.25,0
14/7/2014,13.25,13.25,13.25,13.25,13.25,0
15/7/2014,13.544,13.544,13.544,13.544,13.544,1000
16/7/2014,13.78,13.78,13.737,13.737,13.737,400
17/7/2014,13.467,13.53,13.467,13.53,13.53,400
18/7/2014,13.53,13.53,13.53,13.53,13.53,0
21/7/2014,13.53,13.53,13.53,13.53,13.53,0
22/7/2014,13.421,13.48,13.421,13.48,13.48,300
23/7/2014,13.25,13.25,13.25,13.25,13.25,200
24/7/2014,13.25,13.25,13.25,13.25,13.25,0
25/7/2014,13.25,13.25,13.25,13.25,13.25,0
28/7/2014,13.25,13.25,13.25,13.25,13.25,0
29/7/2014,13.524,13.524,13.48,13.48,13.48,400
30/7/2014,13.48,13.48,13.48,13.48,13.48,0
31/7/2014,13.48,13.48,13.48,13.48,13.48,0
1/8/2014,13.15,13.15,13.15,13.15,13.15,200
4/8/2014,12.6,12.6,12.6,12.6,12.6,300
5/8/2014,12.6,12.6,12.6,12.6,12.6,0
6/8/2014,12.6,12.6,12.6,12.6,12.6,0
7/8/2014,12.6,12.6,12.6,12.6,12.6,0
8/8/2014,13.01,13.01,13.01,13.01,13.01,1900
11/8/2014,13.01,13.01,13.01,13.01,13.01,0
12/8/2014,12.9,12.9,12.75,12.75,12.75,4600
13/8/2014,12.75,12.75,12.75,12.75,12.75,0
14/8/2014,12.75,12.75,12.75,12.75,12.75,0
15/8/2014,12.75,12.75,12.75,12.75,12.75,0
18/8/2014,12.75,12.75,12.75,12.75,12.75,0
19/8/2014,13.015,13.015,13.015,13.015,13.015,3600
20/8/2014,13.015,13.015,13.015,13.015,13.015,0
21/8/2014,13.015,13.015,13.015,13.015,13.015,0
22/8/2014,13.29,13.3,13.29,13.3,13.3,1600
25/8/2014,13.3,13.3,13.3,13.3,13.3,0
26/8/2014,13.3,13.3,13.3,13.3,13.3,0
27/8/2014,13.02,13.03,13.02,13.03,13.03,800
28/8/2014,12.75,12.75,12.75,12.75,12.75,100
29/8/2014,12.75,12.75,12.75,12.75,12.75,0
2/9/2014,12.75,12.75,12.75,12.75,12.75,0
3/9/2014,12.75,12.75,12.75,12.75,12.75,0
4/9/2014,12.75,12.75,12.75,12.75,12.75,0
5/9/2014,12.75,12.75,12.75,12.75,12.75,0
8/9/2014,12.02,12.02,11.98,11.98,11.98,500
9/9/2014,11.86,11.86,11.814,11.86,11.86,600
10/9/2014,12.32,12.49,12.29,12.467,12.467,4600
11/9/2014,12.237,12.237,12.237,12.237,12.237,100
12/9/2014,12.237,12.237,12.237,12.237,12.237,0
15/9/2014,12.19,12.19,12.19,12.19,12.19,200
16/9/2014,12.02,12.06,12.02,12.06,12.06,300
17/9/2014,11.62,11.62,11.62,11.62,11.62,100
18/9/2014,11.65,11.8,11.65,11.7,11.7,1100
19/9/2014,11.8,11.8,11.8,11.8,11.8,200
22/9/2014,11.75,11.75,11.7,11.7,11.7,500
23/9/2014,11.7,11.7,11.7,11.7,11.7,0
24/9/2014,11.7,11.7,11.7,11.7,11.7,0
25/9/2014,11.7,11.7,11.5,11.5,11.5,1000
26/9/2014,11.5,11.5,11.5,11.5,11.5,0
29/9/2014,11.5,11.5,11.5,11.5,11.5,0
30/9/2014,11.61,11.61,11.61,11.61,11.61,100
1/10/2014,11.14,11.37,11.14,11.37,11.37,300
2/10/2014,11.37,11.37,11.37,11.37,11.37,0
3/10/2014,11.37,11.37,11.37,11.37,11.37,0
6/10/2014,11.19,11.19,11.19,11.19,11.19,100
7/10/2014,11,11,11,11,11,18500
8/10/2014,10.92,10.92,10.92,10.92,10.92,1000
9/10/2014,10.92,10.92,10.92,10.92,10.92,0
10/10/2014,10.84,10.84,10.84,10.84,10.84,100
13/10/2014,10.84,10.84,10.84,10.84,10.84,0
14/10/2014,10.84,10.84,10.84,10.84,10.84,0
15/10/2014,10.489,10.489,10.34,10.34,10.34,300
16/10/2014,10.34,10.34,10.34,10.34,10.34,0
17/10/2014,10.845,10.845,10.845,10.845,10.845,2500
20/10/2014,10.845,10.845,10.845,10.845,10.845,0
21/10/2014,10.845,10.845,10.845,10.845,10.845,0
22/10/2014,10.845,10.845,10.845,10.845,10.845,0
23/10/2014,11.062,11.062,11.062,11.062,11.062,500
24/10/2014,10.913,10.913,10.87,10.87,10.87,500
27/10/2014,10.89,10.983,10.85,10.9,10.9,4500
28/10/2014,10.9,10.9,10.9,10.9,10.9,0
29/10/2014,10.993,10.993,10.92,10.92,10.92,400
30/10/2014,10.92,10.92,10.92,10.92,10.92,0
31/10/2014,10.92,10.92,10.92,10.92,10.92,0
3/11/2014,10.92,10.92,10.92,10.92,10.92,0
4/11/2014,10.92,10.92,10.92,10.92,10.92,0
5/11/2014,11.37,11.5,11.37,11.5,11.5,300
6/11/2014,12.45,12.45,12.45,12.45,12.45,1900
7/11/2014,12.544,12.56,12.45,12.45,12.45,1400
10/11/2014,12.45,12.45,12.45,12.45,12.45,0
11/11/2014,12.64,12.64,12.64,12.64,12.64,100
12/11/2014,13.25,13.75,13.25,13.75,13.75,12000
13/11/2014,13.94,13.94,13.91,13.91,13.91,700
14/11/2014,13.91,13.91,13.91,13.91,13.91,0
17/11/2014,13.6,13.6,13.6,13.6,13.6,300
18/11/2014,14,14.07,13.984,14.06,14.06,24500
19/11/2014,14.06,14.06,14.06,14.06,14.06,0
20/11/2014,13.717,13.776,13.717,13.776,13.776,800
21/11/2014,13.776,13.776,13.776,13.776,13.776,0
24/11/2014,13.75,13.86,13.716,13.716,13.716,1200
25/11/2014,13.68,13.68,13.58,13.62,13.62,1500
26/11/2014,13.48,13.52,13.48,13.52,13.52,1500
28/11/2014,13.52,13.52,13.52,13.52,13.52,0
1/12/2014,13.52,13.52,13.52,13.52,13.52,100
2/12/2014,13.62,13.62,13.62,13.62,13.62,500
3/12/2014,13.4,13.4,13.4,13.4,13.4,100
4/12/2014,13.29,13.45,13.27,13.27,13.27,1100
5/12/2014,13.26,13.33,13.26,13.33,13.33,400
8/12/2014,13.33,13.33,13.33,13.33,13.33,0
9/12/2014,13.46,13.46,13.2,13.2,13.2,700
10/12/2014,13.2,13.2,13.2,13.2,13.2,0
11/12/2014,13.11,13.11,13.11,13.11,13.11,200
12/12/2014,13.11,13.11,13.11,13.11,13.11,0
15/12/2014,13.16,13.16,13.16,13.16,13.16,400
16/12/2014,13.16,13.16,13.16,13.16,13.16,0
17/12/2014,13.16,13.16,13.16,13.16,13.16,0
18/12/2014,13.91,13.91,13.91,13.91,13.91,100
19/12/2014,14.12,14.26,14.12,14.2,14.2,1100
22/12/2014,14.2,14.2,14.2,14.2,14.2,0
23/12/2014,14.63,14.63,14.63,14.63,14.63,500
24/12/2014,14.21,14.21,14.21,14.21,14.21,800
26/12/2014,14.43,14.43,14.43,14.43,14.43,200
29/12/2014,14.43,14.43,14.43,14.43,14.43,0
30/12/2014,14.05,14.06,14.05,14.06,14.06,5000
31/12/2014,14.06,14.06,14.06,14.06,14.06,0
2/1/2015,14.06,14.06,14.06,14.06,14.06,0
5/1/2015,13.8,13.8,13.8,13.8,13.8,400
6/1/2015,13.8,13.8,13.8,13.8,13.8,0
7/1/2015,13.8,13.8,13.8,13.8,13.8,0
8/1/2015,13.85,13.85,13.85,13.85,13.85,200
9/1/2015,13.74,13.74,13.74,13.74,13.74,100
12/1/2015,13.81,13.81,13.81,13.81,13.81,4100
13/1/2015,13.81,13.81,13.81,13.81,13.81,0
14/1/2015,13.81,13.81,13.81,13.81,13.81,0
15/1/2015,13.81,13.81,13.81,13.81,13.81,200
16/1/2015,13.81,13.81,13.81,13.81,13.81,0
20/1/2015,13.82,13.82,13.82,13.82,13.82,100
21/1/2015,13.82,13.82,13.82,13.82,13.82,0
22/1/2015,13.82,13.82,13.82,13.82,13.82,0
23/1/2015,13.82,13.82,13.82,13.82,13.82,0
26/1/2015,13.5,13.5,13.34,13.34,13.34,400
27/1/2015,13.34,13.34,13.34,13.34,13.34,0
28/1/2015,13.34,13.34,13.34,13.34,13.34,0
29/1/2015,13.34,13.34,13.34,13.34,13.34,0
30/1/2015,13.34,13.34,13.34,13.34,13.34,0
2/2/2015,13.34,13.34,13.34,13.34,13.34,0
3/2/2015,13.92,13.92,13.92,13.92,13.92,100
4/2/2015,13.92,13.92,13.92,13.92,13.92,0
5/2/2015,13.92,13.92,13.92,13.92,13.92,0
6/2/2015,14.33,14.33,14.33,14.33,14.33,1000
9/2/2015,14.33,14.33,14.33,14.33,14.33,0
10/2/2015,14.33,14.33,14.33,14.33,14.33,0
11/2/2015,14.25,14.25,14.25,14.25,14.25,200
12/2/2015,14.18,14.18,14.16,14.18,14.18,3000
13/2/2015,15.005,15.005,14.85,15,15,3000
17/2/2015,15.02,15.02,15.02,15.02,15.02,300
18/2/2015,15.41,15.41,15.39,15.39,15.39,700
19/2/2015,15.8,15.8,15.8,15.8,15.8,300
20/2/2015,16.65,16.68,16.6,16.6,16.6,1900
23/2/2015,16.215,16.25,16.215,16.25,16.25,1000
24/2/2015,16.24,16.24,16.24,16.24,16.24,600
25/2/2015,16.08,16.08,16.08,16.08,16.08,200
26/2/2015,16.08,16.08,16.08,16.08,16.08,0
27/2/2015,16.08,16.08,16.08,16.08,16.08,0
2/3/2015,16.08,16.08,16.08,16.08,16.08,0
3/3/2015,16.08,16.08,16.08,16.08,16.08,0
4/3/2015,16.59,16.610001,16.43,16.43,16.43,1300
5/3/2015,16.85,16.98,16.84,16.91,16.91,700
6/3/2015,16.74,16.75,16.5,16.639999,16.639999,2800
9/3/2015,16.389999,16.389999,16.389999,16.389999,16.389999,400
10/3/2015,16.389999,16.389999,16.389999,16.389999,16.389999,0
11/3/2015,16.148001,16.148001,16.148001,16.148001,16.148001,200
12/3/2015,16.148001,16.148001,16.148001,16.148001,16.148001,0
13/3/2015,16.148001,16.148001,16.148001,16.148001,16.148001,0
16/3/2015,17.17,17.190001,17.17,17.190001,17.190001,800
17/3/2015,17.190001,17.190001,17.190001,17.190001,17.190001,0
18/3/2015,17.610001,17.9,17.610001,17.9,17.9,1000
19/3/2015,17.85,18,17.85,17.944,17.944,800
20/3/2015,18.299999,18.337999,18.27,18.337999,18.337999,1400
23/3/2015,18.337999,18.337999,18.337999,18.337999,18.337999,0
24/3/2015,18.337999,18.337999,18.337999,18.337999,18.337999,0
25/3/2015,18.337999,18.337999,18.337999,18.337999,18.337999,0
26/3/2015,17.700001,17.700001,17.700001,17.700001,17.700001,400
27/3/2015,17.74,17.75,17.74,17.75,17.75,400
30/3/2015,17.743999,17.85,17.743999,17.83,17.83,2800
31/3/2015,17.799999,17.799999,17.700001,17.700001,17.700001,600
1/4/2015,17.700001,17.700001,17.700001,17.700001,17.700001,0
2/4/2015,17.48,17.48,17.48,17.48,17.48,100
6/4/2015,18.370001,18.85,18.370001,18.75,18.75,1900
7/4/2015,18.75,19.155001,18.532,18.75,18.75,6600
8/4/2015,19.35,19.49,19.1,19.299999,19.299999,4600
9/4/2015,19.76,19.76,19.76,19.76,19.76,300
10/4/2015,19.690001,19.799999,19.620001,19.620001,19.620001,28500
13/4/2015,19.620001,19.620001,19.620001,19.620001,19.620001,0
14/4/2015,19.6,19.6,19.440001,19.450001,19.450001,3300
15/4/2015,19.57,19.57,19.57,19.57,19.57,1100
16/4/2015,18.98,18.98,18.969999,18.969999,18.969999,400
17/4/2015,18.18,18.18,18.18,18.18,18.18,300
20/4/2015,18.18,18.18,18.18,18.18,18.18,0
21/4/2015,18.18,18.18,18.18,18.18,18.18,0
22/4/2015,18.360001,18.67,18.360001,18.67,18.67,600
23/4/2015,18.67,18.67,18.67,18.67,18.67,0
24/4/2015,18.02,18.059999,17.65,17.65,17.65,21900
27/4/2015,18.01,18.280001,18.01,18.257999,18.257999,24300
28/4/2015,18.257999,18.257999,18.257999,18.257999,18.257999,0
29/4/2015,18.257999,18.257999,18.257999,18.257999,18.257999,0
30/4/2015,17.92,17.92,17.92,17.92,17.92,4600
1/5/2015,17.92,17.92,17.92,17.92,17.92,0
4/5/2015,17.6,17.639999,17.6,17.639999,17.639999,1700
5/5/2015,17.469999,17.469999,17.450001,17.450001,17.450001,300
6/5/2015,17.65,17.65,17.65,17.65,17.65,100
7/5/2015,17.059999,17.280001,17.059999,17.280001,17.280001,1500
8/5/2015,17.08,17.4,17.08,17.4,17.4,21600
11/5/2015,17.4,17.4,17.4,17.4,17.4,0
12/5/2015,17.32,17.32,17.32,17.32,17.32,1500
13/5/2015,17.27,17.27,17.209999,17.219999,17.219999,1000
14/5/2015,17.059999,17.132,17.059999,17.132,17.132,2000
15/5/2015,17.132,17.132,17.132,17.132,17.132,0
18/5/2015,17.132,17.132,17.132,17.132,17.132,0
19/5/2015,17.4,17.549999,17.4,17.549999,17.549999,1600
20/5/2015,17.549999,17.549999,17.549999,17.549999,17.549999,0
21/5/2015,17.24,17.287001,17.24,17.287001,17.287001,1800
22/5/2015,17.33,17.33,17.129,17.309999,17.309999,900
26/5/2015,16.77,16.77,16,16.75,16.75,34200
27/5/2015,16.84,17.080999,16.84,17,17,2900
28/5/2015,16.43,16.43,16.43,16.43,16.43,12500
29/5/2015,16.440001,16.440001,16.440001,16.440001,16.440001,200
1/6/2015,16.450001,16.450001,16.450001,16.450001,16.450001,200
2/6/2015,16.82,16.82,16.790001,16.790001,16.790001,3800
3/6/2015,16.610001,16.610001,15.61,15.88,15.88,24000
4/6/2015,15.92,15.92,15.748,15.85,15.85,6200
5/6/2015,15.16,15.16,15.16,15.16,15.16,400
8/6/2015,15.16,15.16,15.16,15.16,15.16,0
9/6/2015,14.9,14.9,14.85,14.85,14.85,3300
10/6/2015,15.48,15.48,15.361,15.361,15.361,3100
11/6/2015,15.57,15.57,15.57,15.57,15.57,100
12/6/2015,15.54,15.54,15.54,15.54,15.54,300
15/6/2015,15.36,15.45,15.36,15.41,15.41,2000
16/6/2015,15.07,15.07,15.07,15.07,15.07,100
17/6/2015,14.86,14.885,14.86,14.885,14.885,500
18/6/2015,15.09,15.35,15.09,15.35,15.35,24400
19/6/2015,15.34,15.34,15.34,15.34,15.34,200
22/6/2015,15.54,15.54,15.54,15.54,15.54,200
23/6/2015,15.81,15.81,15.8,15.8,15.8,500
24/6/2015,15.8,15.8,15.8,15.8,15.8,0
25/6/2015,16.41,16.41,16.4,16.4,16.4,600
26/6/2015,16.4,16.4,16.4,16.4,16.4,0
29/6/2015,15.63,15.63,15.63,15.63,15.63,200
30/6/2015,16.040001,16.040001,16.040001,16.040001,16.040001,200
1/7/2015,16.49,16.49,16.43,16.43,16.43,1600
2/7/2015,16.370001,16.370001,16.370001,16.370001,16.370001,200
6/7/2015,16.200001,16.33,16.200001,16.33,16.33,5900
7/7/2015,16.309999,16.309999,16.25,16.25,16.25,500
8/7/2015,15.83,15.83,15.82,15.82,15.82,2700
9/7/2015,16.35,16.35,16.35,16.35,16.35,100
10/7/2015,16.200001,16.200001,16.07,16.07,16.07,700
13/7/2015,16.35,16.35,16.35,16.35,16.35,400
14/7/2015,16.190001,16.190001,16.190001,16.190001,16.190001,400
15/7/2015,16.280001,16.280001,16.105,16.105,16.105,900
16/7/2015,16.51,16.51,16.51,16.51,16.51,1600
17/7/2015,16.625,16.625,16.51,16.51,16.51,800
20/7/2015,16.83,16.83,16.715,16.715,16.715,300
21/7/2015,16.68,16.799999,16.68,16.799999,16.799999,3400
22/7/2015,16.799999,16.799999,16.799999,16.799999,16.799999,0
23/7/2015,16.799999,16.799999,16.799999,16.799999,16.799999,0
24/7/2015,16.620001,16.620001,16.525999,16.549999,16.549999,800
27/7/2015,16.219999,16.219999,16.219999,16.219999,16.219999,200
28/7/2015,16.219999,16.219999,16.219999,16.219999,16.219999,0
29/7/2015,15.97,16.040001,15.97,16.040001,16.040001,2000
30/7/2015,15.97,15.97,15.92,15.93,15.93,21400
31/7/2015,16.049999,16.049999,15.97,15.97,15.97,500
3/8/2015,15.97,15.97,15.97,15.97,15.97,0
4/8/2015,15.97,15.97,15.97,15.97,15.97,0
5/8/2015,16.559999,16.57,16.559999,16.57,16.57,300
6/8/2015,16.719999,17.200001,16.719999,17.200001,17.200001,4200
7/8/2015,15.7,15.7,15.7,15.7,15.7,400
10/8/2015,15.91,15.91,15.91,15.91,15.91,6000
11/8/2015,15.42,15.42,15.21,15.21,15.21,300
12/8/2015,14.9,14.9,14.9,14.9,14.9,300
13/8/2015,15.13,15.17,14.99,15.17,15.17,500
14/8/2015,14.63,14.77,14.63,14.77,14.77,600
17/8/2015,14.79,15.07,14.79,15.07,15.07,400
18/8/2015,14.73,14.73,14.67,14.67,14.67,400
19/8/2015,14.498,14.63,14.498,14.63,14.63,10500
20/8/2015,14.095,14.24,13.96,13.96,13.96,1200
21/8/2015,13.54,13.54,13.54,13.54,13.54,100
24/8/2015,13.43,13.43,13.43,13.43,13.43,200
25/8/2015,13.54,13.54,13.54,13.54,13.54,200
26/8/2015,13.54,13.54,13.54,13.54,13.54,0
27/8/2015,13.54,13.54,13.54,13.54,13.54,0
28/8/2015,13.54,13.54,13.54,13.54,13.54,0
31/8/2015,13.54,13.54,13.54,13.54,13.54,0
1/9/2015,13.55,13.55,13.55,13.55,13.55,200
2/9/2015,13.55,13.55,13.55,13.55,13.55,0
3/9/2015,13.86,13.86,13.7,13.72,13.72,800
4/9/2015,13.72,13.72,13.72,13.72,13.72,0
8/9/2015,13.45,13.45,13.42,13.42,13.42,300
9/9/2015,13.42,13.42,13.42,13.42,13.42,0
10/9/2015,13.07,13.07,13.07,13.07,13.07,500
11/9/2015,13.07,13.07,13.07,13.07,13.07,0
14/9/2015,12.8,13.02,12.8,13.02,13.02,400
15/9/2015,13.02,13.02,13.02,13.02,13.02,0
16/9/2015,12.56,12.56,12.56,12.56,12.56,200
17/9/2015,12.56,12.56,12.56,12.56,12.56,0
18/9/2015,12.26,12.26,12.26,12.26,12.26,100
21/9/2015,12.26,12.26,12.26,12.26,12.26,0
22/9/2015,12.61,12.61,12.61,12.61,12.61,300
23/9/2015,12.61,12.61,12.61,12.61,12.61,0
24/9/2015,12.51,12.51,12.47,12.47,12.47,1200
25/9/2015,12.8,12.8,12.8,12.8,12.8,400
28/9/2015,12.26,12.57,12.26,12.57,12.57,200
29/9/2015,12.52,12.52,12.52,12.52,12.52,600
30/9/2015,12.52,12.52,12.52,12.52,12.52,0
1/10/2015,12.77,12.78,12.77,12.78,12.78,600
2/10/2015,13,13.24,13,13.24,13.24,4200
5/10/2015,13.24,13.24,13.24,13.24,13.24,0
6/10/2015,13.41,13.41,13.41,13.41,13.41,700
7/10/2015,13.86,13.86,13.86,13.86,13.86,300
8/10/2015,13.7,13.7,13.46,13.46,13.46,400
9/10/2015,13.82,13.82,13.82,13.82,13.82,2100
12/10/2015,13.86,13.86,13.86,13.86,13.86,100
13/10/2015,13.18,13.42,13.18,13.42,13.42,900
14/10/2015,13.26,13.26,13.26,13.26,13.26,100
15/10/2015,14.15,14.15,14.15,14.15,14.15,300
16/10/2015,14.41,14.41,14.41,14.41,14.41,200
19/10/2015,14.042,14.042,13.92,13.92,13.92,500
20/10/2015,13.96,13.96,13.96,13.96,13.96,200
21/10/2015,13.96,13.96,13.96,13.96,13.96,0
22/10/2015,13.96,13.96,13.96,13.96,13.96,0
23/10/2015,14.192,14.192,14.192,14.192,14.192,400
26/10/2015,14.42,14.445,14.42,14.445,14.445,2300
27/10/2015,14.38,14.38,14.38,14.38,14.38,400
28/10/2015,13.99,14.25,13.99,14.25,14.25,4900
29/10/2015,14.09,14.09,14.09,14.09,14.09,500
30/10/2015,14.09,14.09,14.09,14.09,14.09,0
2/11/2015,13.719,13.719,13.719,13.719,13.719,200
3/11/2015,13.54,13.79,13.54,13.79,13.79,700
4/11/2015,13.55,13.6,13.55,13.575,13.575,700
5/11/2015,13.15,13.26,12.7,13.05,13.05,3700
6/11/2015,12.95,13,12.71,12.96,12.96,900
9/11/2015,12.73,12.73,12.7,12.71,12.71,4100
10/11/2015,12.62,12.73,12.62,12.73,12.73,1100
11/11/2015,13.26,13.26,13.26,13.26,13.26,100
12/11/2015,12.74,12.74,12.684,12.684,12.684,900
13/11/2015,12.65,12.65,12.53,12.53,12.53,1700
16/11/2015,12.54,12.548,12.54,12.548,12.548,1000
17/11/2015,12.45,12.47,12.45,12.47,12.47,600
18/11/2015,12.563,12.563,12.48,12.49,12.49,800
19/11/2015,12.87,13.16,12.87,13.16,13.16,1200
20/11/2015,13.285,13.285,13.285,13.285,13.285,500
23/11/2015,13.21,13.3,13.18,13.18,13.18,600
24/11/2015,13.18,13.18,13.18,13.18,13.18,0
25/11/2015,13.27,13.35,13.21,13.295,13.295,3600
27/11/2015,13.115,13.115,13.115,13.115,13.115,100
30/11/2015,12.7,12.85,12.5,12.85,12.85,4100
1/12/2015,12.75,12.755,12.75,12.755,12.755,600
2/12/2015,12.66,12.8,12.58,12.58,12.58,800
3/12/2015,12.37,12.37,12.24,12.24,12.24,1800
4/12/2015,12.22,12.28,12.22,12.28,12.28,1600
7/12/2015,12.36,12.36,12.29,12.29,12.29,1300
8/12/2015,12.04,12.31,12.04,12.21,12.21,1700
9/12/2015,12.32,12.32,12.32,12.32,12.32,400
10/12/2015,12.36,12.4,12.345,12.345,12.345,3500
11/12/2015,12.08,12.08,11.84,11.97,11.97,2500
14/12/2015,11.79,11.85,11.79,11.85,11.85,800
15/12/2015,11.86,11.86,11.86,11.86,11.86,600
16/12/2015,11.51,11.51,11.382,11.418,11.418,1400
17/12/2015,11.67,11.68,11.67,11.68,11.68,1300
18/12/2015,11.49,11.49,11.49,11.49,11.49,200
21/12/2015,11.49,11.6,11.475,11.59,11.59,215300
22/12/2015,11.521,11.66,11.47,11.66,11.66,2000
23/12/2015,11.651,11.75,11.64,11.64,11.64,3800
24/12/2015,11.395,11.53,11.31,11.53,11.53,2100
28/12/2015,11.7,11.7,11.57,11.64,11.64,2000
29/12/2015,11.86,11.86,11.755,11.818,11.818,700
30/12/2015,11.572,11.572,11.45,11.45,11.45,400
31/12/2015,11.764,11.82,11.68,11.68,11.68,7500
4/1/2016,11.51,11.59,11.45,11.59,11.59,4400
5/1/2016,11.45,11.47,11.18,11.47,11.47,2900
6/1/2016,10.964,11.01,10.917,10.97,10.97,3800
7/1/2016,10.735,10.92,10.735,10.768,10.768,4900
8/1/2016,10.79,10.79,10.72,10.72,10.72,600
11/1/2016,10.63,10.69,10.63,10.645,10.645,3100
12/1/2016,10.52,10.52,10.26,10.26,10.26,1100
13/1/2016,10.88,10.88,10.49,10.59,10.59,14100
14/1/2016,10.485,10.75,10.485,10.75,10.75,121900
15/1/2016,10.26,10.36,10.16,10.25,10.25,1700
19/1/2016,10.039,10.18,10.039,10.18,10.18,3100
20/1/2016,9.51,9.79,9.49,9.67,9.67,3100
21/1/2016,9.74,9.97,9.54,9.97,9.97,6400
22/1/2016,10.214,10.38,10.1,10.38,10.38,26700
25/1/2016,9.93,10.36,9.93,10.24,10.24,700
26/1/2016,10.32,10.32,10.05,10.05,10.05,1000
27/1/2016,10.51,10.61,10.465,10.61,10.61,6000
28/1/2016,10.28,10.28,10.085,10.25,10.25,1400
29/1/2016,10.25,10.64,10.25,10.64,10.64,2900
1/2/2016,10.74,10.77,10.72,10.74,10.74,45600
2/2/2016,10.5,10.5,10.366,10.366,10.366,11100
3/2/2016,10.22,10.35,10.035,10.35,10.35,4800
4/2/2016,10.21,10.21,9.99,10.16,10.16,4000
5/2/2016,10.25,10.25,10.02,10.14,10.14,2600
8/2/2016,10.19,10.19,10.065,10.13,10.13,1000
9/2/2016,9.868,9.99,9.7,9.99,9.99,3900
10/2/2016,9.7,9.7,9.6,9.65,9.65,1500
11/2/2016,9.36,9.55,9.19,9.55,9.55,1600
12/2/2016,9,9,8.62,8.82,8.82,4600
16/2/2016,8.82,9.29,8.82,9.17,9.17,54300
17/2/2016,8.85,9.13,8.85,9.13,9.13,2400
18/2/2016,9.18,9.234,9.12,9.22,9.22,4700
19/2/2016,9.01,9.09,8.72,9.09,9.09,3400
22/2/2016,9.04,9.05,8.8,8.8,8.8,9900
23/2/2016,9.1,9.11,8.79,9.11,9.11,7200
24/2/2016,8.94,8.996,8.835,8.996,8.996,3100
25/2/2016,9.24,9.5,9.22,9.4,9.4,60300
26/2/2016,9.52,9.8,9.52,9.73,9.73,30300
29/2/2016,9.645,9.645,9.43,9.43,9.43,5100
1/3/2016,9.507,9.65,9.5,9.65,9.65,10000
2/3/2016,10.14,10.14,10.01,10.01,10.01,500
3/3/2016,10.35,10.35,10.35,10.35,10.35,600
4/3/2016,10.38,10.38,10.28,10.37,10.37,59000
7/3/2016,10.12,10.12,10.09,10.09,10.09,1100
8/3/2016,9.83,10.26,9.83,10.2,10.2,900
9/3/2016,9.61,9.95,9.61,9.95,9.95,500
10/3/2016,9.75,9.75,9.75,9.75,9.75,2500
11/3/2016,9.86,9.86,9.52,9.52,9.52,2500
14/3/2016,9.79,9.97,9.79,9.97,9.97,800
15/3/2016,9.562,9.73,9.562,9.73,9.73,1600
16/3/2016,9.52,9.6,9.4,9.6,9.6,3000
17/3/2016,9.495,9.69,9.495,9.69,9.69,2500
18/3/2016,9.35,9.64,9.35,9.4,9.4,5000
21/3/2016,9.67,9.67,9.62,9.67,9.67,1700
22/3/2016,9.47,9.6,9.35,9.47,9.47,5400
23/3/2016,9.188,9.28,9.188,9.2,9.2,4500
24/3/2016,9,9.27,9,9.05,9.05,2500
28/3/2016,9.24,9.48,9.24,9.45,9.45,1700
29/3/2016,9.7,9.73,9.7,9.73,9.73,3200
30/3/2016,9.76,9.76,9.55,9.73,9.73,3700
31/3/2016,9.74,9.8,9.7,9.77,9.77,1607600
1/4/2016,9.45,9.67,9.45,9.67,9.67,152500
4/4/2016,9.694,9.73,9.37,9.37,9.37,24100
5/4/2016,9.575,9.76,9.575,9.65,9.65,1584800
6/4/2016,9.8,10.215,9.8,10.1,10.1,76700
7/4/2016,10.717,10.93,10.25,10.6,10.6,39600
8/4/2016,11.1,11.33,11.1,11.28,11.28,11700
11/4/2016,11.66,11.7,11.4,11.65,11.65,130400
12/4/2016,11.55,11.87,11.55,11.85,11.85,19800
13/4/2016,11.53,11.9,11.514,11.9,11.9,6700
14/4/2016,11.555,11.72,11.38,11.68,11.68,7000
15/4/2016,11.575,11.75,11.36,11.73,11.73,4900
18/4/2016,11.35,11.632,11.35,11.35,11.35,5500
19/4/2016,11.76,11.848,11.68,11.848,11.848,2300
20/4/2016,11.9,12.06,11.9,11.9,11.9,560700
21/4/2016,11.58,12,11.58,11.91,11.91,68200
22/4/2016,11.84,12.22,11.79,12.2,12.2,4000
25/4/2016,11.675,11.89,11.47,11.51,11.51,10800
26/4/2016,11.96,12.1,11.9,11.9,11.9,73800
27/4/2016,11.635,11.75,11.625,11.75,11.75,2200
28/4/2016,11.33,11.33,11,11.034,11.034,12800
29/4/2016,10.78,11.21,10.73,10.76,10.76,6800
2/5/2016,11.22,11.62,11.22,11.48,11.48,2000
3/5/2016,11.448,11.58,11.15,11.17,11.17,7900
4/5/2016,11.01,11.52,11.01,11.52,11.52,4100
5/5/2016,11.255,11.49,11.17,11.19,11.19,7800
6/5/2016,11.19,11.37,11.19,11.25,11.25,11900
9/5/2016,11.55,11.55,11.12,11.12,11.12,3500
10/5/2016,11.5,11.665,11.34,11.665,11.665,3700
11/5/2016,11.17,11.57,11.17,11.48,11.48,5400
12/5/2016,10.92,10.92,10.72,10.72,10.72,4800
13/5/2016,10.784,10.82,10.55,10.594,10.594,3700
16/5/2016,10.62,10.918,10.62,10.918,10.918,9000
17/5/2016,11.25,11.25,10.9,10.95,10.95,19500
18/5/2016,11.305,11.62,11.235,11.5,11.5,709600
19/5/2016,11.205,11.205,11.038,11.14,11.14,287000
20/5/2016,10.73,10.91,10.73,10.774,10.774,3800
23/5/2016,10.75,10.75,10.47,10.5,10.5,13600
24/5/2016,10.45,10.6,10.45,10.48,10.48,12100
25/5/2016,10.48,10.6,10.48,10.502,10.502,16600
26/5/2016,10.454,10.454,10.25,10.35,10.35,20700
27/5/2016,10.352,10.4,10.224,10.224,10.224,8600
31/5/2016,10.53,10.75,10.48,10.48,10.48,6800
1/6/2016,10.85,10.914,10.77,10.85,10.85,15600
2/6/2016,10.73,10.89,10.59,10.67,10.67,5200
3/6/2016,10.7,10.7,10.57,10.58,10.58,6400
6/6/2016,10.83,11.03,10.64,10.66,10.66,7300
7/6/2016,10.96,11.042,10.89,10.95,10.95,13300
8/6/2016,11.05,11.4,11.05,11.4,11.4,33900
9/6/2016,10.8,11.04,10.8,11,11,9500
10/6/2016,10.53,10.53,10.41,10.53,10.53,8200
13/6/2016,10.25,10.27,10,10,10,12800
14/6/2016,10.022,10.11,10,10.1,10.1,4200
15/6/2016,10.16,10.2,10,10.125,10.125,12700
16/6/2016,10.05,10.13,9.84,9.86,9.86,6900
17/6/2016,9.836,10.14,9.836,10.12,10.12,14300
20/6/2016,10.125,10.23,10.05,10.23,10.23,3500
21/6/2016,10.172,10.34,10.14,10.245,10.245,5200
22/6/2016,10.34,10.41,10.34,10.4,10.4,7600
23/6/2016,10.51,10.82,10.51,10.82,10.82,8100
24/6/2016,9.86,10.36,9.86,10.245,10.245,16500
27/6/2016,10.3,10.395,10.04,10.34,10.34,94000
28/6/2016,10.27,10.38,10.19,10.315,10.315,56600
29/6/2016,10.48,10.71,10.48,10.6,10.6,7600
30/6/2016,10.715,10.82,10.58,10.755,10.755,7600
1/7/2016,10.84,10.84,10.65,10.65,10.65,16200
5/7/2016,10.92,11.04,10.77,10.935,10.935,10300
6/7/2016,10.875,11.06,10.79,10.97,10.97,72800
7/7/2016,11.25,11.25,10.81,11.25,11.25,5700
8/7/2016,10.4,10.72,10.4,10.68,10.68,14000
11/7/2016,10.87,11.14,10.87,11.14,11.14,5300
12/7/2016,11.202,11.45,11.2,11.45,11.45,53600
13/7/2016,11.342,11.46,11.24,11.33,11.33,20200
14/7/2016,11.265,11.41,11.1,11.31,11.31,7200
15/7/2016,10.86,11.19,10.86,11.06,11.06,17300
18/7/2016,11.05,11.28,11,11,11,11900
19/7/2016,10.926,11.05,10.89,10.92,10.92,19600
20/7/2016,11.05,11.19,10.93,10.97,10.97,27800
21/7/2016,11.3,11.3,10.99,10.99,10.99,9800
22/7/2016,10.955,11.1,10.82,10.82,10.82,4800
25/7/2016,11.05,11.05,10.87,10.87,10.87,7600
26/7/2016,11.066,11.13,10.99,11.12,11.12,18600
27/7/2016,10.95,11.06,10.86,10.92,10.92,5200
28/7/2016,10.91,11.22,10.91,10.97,10.97,2900
29/7/2016,11.15,11.4,11.15,11.37,11.37,133300
1/8/2016,11.5,11.538,11.42,11.44,11.44,11800
2/8/2016,11.34,11.63,11.34,11.62,11.62,1019200
3/8/2016,11.327,11.4,11.24,11.314,11.314,6500
4/8/2016,11.4,11.552,11.39,11.51,11.51,15800
5/8/2016,11.885,12.26,11.6,12.2,12.2,86400
8/8/2016,11.77,11.77,11.7,11.74,11.74,597700
9/8/2016,11.6,12.2,11.55,11.96,11.96,76800
10/8/2016,11.95,11.95,11.73,11.87,11.87,17200
11/8/2016,11.95,11.95,11.7,11.825,11.825,5200
12/8/2016,12.084,12.22,12.05,12.088,12.088,5800
15/8/2016,12.29,12.44,12.26,12.288,12.288,2800
16/8/2016,12.76,12.76,12.58,12.612,12.612,11100
17/8/2016,12.8,12.95,12.76,12.76,12.76,7000
18/8/2016,12.94,13.06,12.84,12.84,12.84,7600
19/8/2016,12.86,13.024,12.86,12.916,12.916,4300
22/8/2016,13.24,13.24,13,13.218,13.218,11100
23/8/2016,13.07,13.07,12.82,12.91,12.91,15700
24/8/2016,12.81,12.88,12.72,12.72,12.72,11300
25/8/2016,12.73,12.875,12.73,12.82,12.82,27100
26/8/2016,12.887,12.89,12.5,12.68,12.68,35200
29/8/2016,12.6,12.88,12.57,12.82,12.82,27200
30/8/2016,12.84,12.84,12.57,12.735,12.735,41600
31/8/2016,12.586,12.75,12.582,12.72,12.72,199500
1/9/2016,12.945,13.1,12.8,13.1,13.1,8100
2/9/2016,13,13.01,12.9,13,13,27700
6/9/2016,13.51,13.93,13.51,13.8,13.8,14200
7/9/2016,13.84,13.97,13.84,13.9,13.9,25400
8/9/2016,13.73,13.73,13.41,13.42,13.42,18000
9/9/2016,13.33,13.55,13.33,13.5,13.5,9900
12/9/2016,13.214,13.38,13.214,13.38,13.38,7400
13/9/2016,13.15,13.3,13.07,13.17,13.17,30900
14/9/2016,12.76,12.85,12.54,12.575,12.575,9000
15/9/2016,12.4,12.92,12.4,12.79,12.79,13600
16/9/2016,13,13.04,12.84,13,13,12800
19/9/2016,13.03,13.16,13,13.14,13.14,3600
20/9/2016,12.99,13.22,12.99,13.16,13.16,31700
21/9/2016,13.42,13.73,13.42,13.6,13.6,12900
22/9/2016,13.69,13.9,13.65,13.716,13.716,10200
23/9/2016,13.7,13.85,13.54,13.75,13.75,8200
26/9/2016,13.21,13.48,13.21,13.245,13.245,18200
27/9/2016,13.38,13.65,13.38,13.575,13.575,10200
28/9/2016,13.25,13.45,13.24,13.45,13.45,16400
29/9/2016,13.29,13.64,13.29,13.412,13.412,4700
30/9/2016,12.91,13.15,12.91,13.1,13.1,4900
3/10/2016,13.28,13.28,12.93,13.27,13.27,9000
4/10/2016,13.102,13.102,12.82,12.855,12.855,10000
5/10/2016,13.1,13.1,12.9,13.02,13.02,46800
6/10/2016,12.61,12.78,12.52,12.78,12.78,1900
7/10/2016,13.1,13.1,12.25,12.56,12.56,7500
10/10/2016,12.5,12.66,12.37,12.5,12.5,3400
11/10/2016,12.515,12.59,12.39,12.39,12.39,26700
12/10/2016,12.45,12.69,12.4,12.53,12.53,3700
13/10/2016,12.3,12.4,12.19,12.4,12.4,4900
14/10/2016,12.79,12.82,12.51,12.68,12.68,13900
17/10/2016,12.53,12.79,12.53,12.685,12.685,3800
18/10/2016,12.62,12.85,12.61,12.65,12.65,9200
19/10/2016,12.67,12.81,12.54,12.81,12.81,7500
20/10/2016,12.53,12.76,12.53,12.67,12.67,3100
21/10/2016,12.175,12.36,11.99,12.17,12.17,8700
24/10/2016,11.92,12.125,11.87,12.125,12.125,22600
25/10/2016,12.012,12.18,11.97,12.028,12.028,8700
26/10/2016,12.205,12.38,12.03,12.285,12.285,4200
27/10/2016,11.87,12.1,11.87,11.98,11.98,8600
28/10/2016,11.93,11.93,11.62,11.745,11.745,7400
31/10/2016,11.39,11.52,11.39,11.46,11.46,8700
1/11/2016,11.595,11.595,11.39,11.39,11.39,35200
2/11/2016,11.28,11.43,11.11,11.32,11.32,9800
3/11/2016,11.46,11.46,11.19,11.3,11.3,9100
4/11/2016,11.3,11.3,11.11,11.11,11.11,8900
7/11/2016,11.16,11.37,11.11,11.155,11.155,6800
8/11/2016,11.11,11.4,11.11,11.12,11.12,34300
9/11/2016,11.07,11.49,11.07,11.37,11.37,8600
10/11/2016,11,11.14,11,11.07,11.07,7600
11/11/2016,10.62,10.75,10.5,10.605,10.605,7200
14/11/2016,10.735,10.94,10.53,10.61,10.61,7300
15/11/2016,10.75,10.75,10.58,10.59,10.59,24900
16/11/2016,10.7,10.7,10.58,10.63,10.63,23900
17/11/2016,10.488,10.62,10.22,10.39,10.39,147100
18/11/2016,10.47,10.51,10.2,10.35,10.35,8900
21/11/2016,10.15,10.5,10.15,10.35,10.35,21200
22/11/2016,10.25,10.46,10.2,10.2,10.2,46100
23/11/2016,10.2,10.26,10.19,10.225,10.225,27400
25/11/2016,10.335,10.52,10.15,10.52,10.52,8400
28/11/2016,10.355,10.51,10.2,10.51,10.51,11700
29/11/2016,10.402,10.44,10.25,10.335,10.335,58600
30/11/2016,10.26,10.26,10,10.1,10.1,33400
1/12/2016,10.08,10.08,9.88,9.905,9.905,54700
2/12/2016,9.84,9.99,9.83,9.92,9.92,45200
5/12/2016,9.8,10.09,9.75,9.855,9.855,40100
6/12/2016,10.05,10.05,9.729,9.83,9.83,146200
7/12/2016,9.864,10.09,9.864,10.07,10.07,1309700
8/12/2016,10.145,10.18,10.04,10.09,10.09,699100
9/12/2016,10.09,10.14,10.07,10.09,10.09,148000
12/12/2016,10.02,10.14,10.02,10.02,10.02,20200
13/12/2016,10.1,10.28,9.92,10.04,10.04,63000
14/12/2016,9.88,10.16,9.85,9.86,9.86,27600
15/12/2016,9.65,9.96,9.65,9.7,9.7,38000
16/12/2016,9.55,9.592,9.51,9.555,9.555,676000
19/12/2016,9.59,9.77,9.59,9.69,9.69,2037000
20/12/2016,10.13,10.13,9.73,9.84,9.84,66900
21/12/2016,9.8,10.12,9.8,9.89,9.89,22500
22/12/2016,9.85,9.97,9.71,9.79,9.79,27800
23/12/2016,9.778,9.98,9.71,9.805,9.805,13200
27/12/2016,9.73,10.13,9.73,9.985,9.985,6800
28/12/2016,9.91,10.16,9.86,10.08,10.08,61400
29/12/2016,9.84,10.11,9.84,9.94,9.94,17800
30/12/2016,10.01,10.01,9.61,9.79,9.79,25000
3/1/2017,9.96,10.01,9.61,9.825,9.825,19900
4/1/2017,9.79,10.11,9.79,10.1,10.1,66200
5/1/2017,9.95,10.25,9.95,10.25,10.25,11000
6/1/2017,10.62,10.62,10.3,10.52,10.52,12200
9/1/2017,10.74,10.74,10.47,10.59,10.59,8900
10/1/2017,10.445,10.59,10.42,10.42,10.42,22200
11/1/2017,10.458,10.6,10.41,10.6,10.6,10400
12/1/2017,10.26,10.53,10.17,10.33,10.33,28500
13/1/2017,10.42,10.42,10.18,10.33,10.33,8100
17/1/2017,9.918,10.21,9.82,10.17,10.17,86200
18/1/2017,10.05,10.05,9.66,9.87,9.87,10400
19/1/2017,10.41,10.41,9.53,10.2,10.2,5300
20/1/2017,10.05,10.07,9.77,10.05,10.05,23000
23/1/2017,9.92,10.05,9.86,10.05,10.05,4900
24/1/2017,10.05,10.1,9.77,10.1,10.1,5200
25/1/2017,10.04,10.21,9.93,9.93,9.93,2100
26/1/2017,10.09,10.3,10.02,10.11,10.11,84500
27/1/2017,9.79,10.13,9.79,9.95,9.95,3500
30/1/2017,9.815,10.07,9.73,9.86,9.86,21600
31/1/2017,9.93,10.07,9.89,9.89,9.89,4500
1/2/2017,9.72,9.92,9.66,9.88,9.88,8900
2/2/2017,9.81,9.81,9.6,9.72,9.72,9600
3/2/2017,9.51,9.83,9.51,9.61,9.61,5600
6/2/2017,9.55,9.628,9.51,9.58,9.58,144600
7/2/2017,9.55,9.8,9.55,9.65,9.65,12300
8/2/2017,9.59,9.8,9.56,9.56,9.56,8300
9/2/2017,9.56,9.8,9.56,9.72,9.72,7900
10/2/2017,9.64,9.8,9.64,9.67,9.67,4900
13/2/2017,9.9,9.9,9.65,9.69,9.69,9200
14/2/2017,9.77,9.81,9.67,9.67,9.67,4500
15/2/2017,9.37,9.51,9.37,9.43,9.43,34800
16/2/2017,9.25,9.25,9.19,9.2,9.2,970000
17/2/2017,9.295,9.34,9.19,9.19,9.19,5900
21/2/2017,9.55,9.89,9.55,9.6,9.6,18300
22/2/2017,9.783,9.85,9.76,9.79,9.79,20600
23/2/2017,9.98,10.15,9.86,10.015,10.015,12000
24/2/2017,10.1,10.1,10,10.05,10.05,15600
27/2/2017,10.1,10.1,9.96,10.05,10.05,12900
28/2/2017,9.998,10.04,9.85,9.895,9.895,37400
1/3/2017,9.9,9.97,9.85,9.93,9.93,10200
2/3/2017,9.542,9.71,9.54,9.64,9.64,12600
3/3/2017,9.58,9.64,9.58,9.615,9.615,6800
6/3/2017,9.58,9.64,9.58,9.615,9.615,11600
7/3/2017,9.58,9.58,9.44,9.465,9.465,16800
8/3/2017,9.385,9.51,9.23,9.33,9.33,32600
9/3/2017,9.35,9.56,9.35,9.42,9.42,24300
10/3/2017,9.51,9.6,9.35,9.535,9.535,6200
13/3/2017,9.47,9.65,9.47,9.595,9.595,6500
14/3/2017,9.56,9.57,9.52,9.57,9.57,21700
15/3/2017,9.57,9.67,9.49,9.67,9.67,9600
16/3/2017,9.75,9.84,9.73,9.785,9.785,5700
17/3/2017,9.8,9.87,9.8,9.87,9.87,7700
20/3/2017,9.84,9.9,9.84,9.84,9.84,4800
21/3/2017,10.1,10.18,9.97,9.97,9.97,18000
22/3/2017,9.7,9.98,9.7,9.9,9.9,4700
23/3/2017,9.98,10.02,9.893,9.96,9.96,9300
24/3/2017,9.84,9.92,9.77,9.81,9.81,10200
27/3/2017,9.7,9.86,9.7,9.86,9.86,6700
28/3/2017,9.92,9.92,9.83,9.92,9.92,4900
29/3/2017,10.2,10.21,10.14,10.17,10.17,16000
30/3/2017,10.07,10.07,9.81,10.01,10.01,7000
31/3/2017,10.07,10.08,10,10.015,10.015,1900
3/4/2017,10.06,10.47,10.06,10.24,10.24,11000
4/4/2017,10.165,10.3,10.13,10.24,10.24,9400
5/4/2017,10.355,10.43,10.28,10.41,10.41,3900
6/4/2017,10.49,10.49,10.34,10.42,10.42,14100
7/4/2017,10.66,10.78,10.66,10.73,10.73,3100
10/4/2017,10.75,10.75,10.64,10.73,10.73,4700
11/4/2017,10.7,10.85,10.7,10.85,10.85,19000
12/4/2017,10.71,10.86,10.71,10.85,10.85,6900
13/4/2017,10.815,10.9,10.74,10.825,10.825,4700
17/4/2017,10.99,10.99,10.96,10.96,10.96,1100
18/4/2017,10.92,10.92,10.78,10.79,10.79,12000
19/4/2017,10.86,10.97,10.86,10.925,10.925,3100
20/4/2017,10.95,10.95,10.855,10.925,10.925,2600
21/4/2017,10.7,10.7,10.58,10.62,10.62,15600
24/4/2017,10.674,10.77,10.63,10.77,10.77,13100
25/4/2017,10.75,10.84,10.71,10.84,10.84,3000
26/4/2017,10.61,10.85,10.61,10.75,10.75,5100
27/4/2017,10.35,10.35,10.25,10.35,10.35,19300
28/4/2017,10.235,10.37,10.22,10.37,10.37,3100
1/5/2017,10.1,10.3,10.1,10.3,10.3,2800
2/5/2017,10.3,10.3,10.15,10.17,10.17,180900
3/5/2017,10.3,10.3,10.11,10.22,10.22,6300
4/5/2017,10.19,10.3,10.1,10.3,10.3,4400
5/5/2017,10.21,10.37,10.21,10.36,10.36,7800
8/5/2017,10.25,10.33,10.25,10.32,10.32,6900
9/5/2017,10.325,10.39,10.293,10.37,10.37,5100
10/5/2017,10.399,10.399,10.32,10.34,10.34,8800
11/5/2017,10.6,10.75,10.5,10.65,10.65,26400
12/5/2017,11.07,11.07,10.81,10.92,10.92,8700
15/5/2017,11,11.08,10.99,11.05,11.05,11200
16/5/2017,11.13,11.25,11.13,11.154,11.154,4000
17/5/2017,11.23,11.36,11.23,11.35,11.35,3200
18/5/2017,11.46,11.81,11.46,11.73,11.73,16000
19/5/2017,11.61,11.61,11.45,11.545,11.545,11200
22/5/2017,11.86,11.86,11.79,11.86,11.86,5000
23/5/2017,11.96,11.96,11.83,11.9,11.9,8600
24/5/2017,12.06,12.06,11.9,12.05,12.05,27000
25/5/2017,12.01,12.07,11.98,12.07,12.07,10700
26/5/2017,12.09,12.43,12.09,12.41,12.41,15300
30/5/2017,12.15,12.34,12.15,12.34,12.34,9700
31/5/2017,12.3,12.3,12.15,12.21,12.21,55000
1/6/2017,12.22,12.27,12.16,12.235,12.235,5400
2/6/2017,12.35,12.49,12.35,12.489,12.489,14700
5/6/2017,12.6,12.81,12.6,12.685,12.685,5800
6/6/2017,12.67,12.67,12.55,12.61,12.61,7500
7/6/2017,12.72,12.72,12.56,12.64,12.64,25100
8/6/2017,12.87,12.87,12.27,12.59,12.59,8600
9/6/2017,12.39,12.44,12.29,12.29,12.29,6000
12/6/2017,12.31,12.43,12.31,12.43,12.43,7800
13/6/2017,12.29,12.36,12.21,12.32,12.32,11400
14/6/2017,12.32,12.39,12.32,12.34,12.34,13600
15/6/2017,12.2,12.35,12.2,12.33,12.33,6000
16/6/2017,12.31,12.39,12.31,12.39,12.39,4600
19/6/2017,12.49,12.62,12.467,12.555,12.555,6100
20/6/2017,12.42,12.5,12.42,12.49,12.49,4600
21/6/2017,12.432,12.47,12.29,12.29,12.29,3300
22/6/2017,12.507,12.507,12.26,12.33,12.33,18200
23/6/2017,12.09,12.24,12.09,12.24,12.24,29700
26/6/2017,12.359,12.359,12.17,12.265,12.265,28200
27/6/2017,12.02,12.23,12.02,12.23,12.23,10000
28/6/2017,12.04,12.04,11.92,12.03,12.03,6500
29/6/2017,12.062,12.1,11.9,12.1,12.1,4300
30/6/2017,11.99,11.99,11.99,11.99,11.99,1400
3/7/2017,11.633,11.89,11.633,11.89,11.89,1400
5/7/2017,11.62,11.73,11.62,11.73,11.73,8600
6/7/2017,11.63,11.85,11.63,11.77,11.77,3300
7/7/2017,11.65,11.65,11.55,11.64,11.64,2400
10/7/2017,11.64,11.72,11.64,11.72,11.72,5700
11/7/2017,11.8,11.8,11.68,11.8,11.8,10800
12/7/2017,11.803,11.81,11.65,11.81,11.81,4700
13/7/2017,11.75,11.75,11.63,11.67,11.67,5800
14/7/2017,11.72,11.81,11.72,11.81,11.81,3200
17/7/2017,11.784,11.81,11.7,11.81,11.81,4600
18/7/2017,11.782,11.82,11.782,11.82,11.82,3900
19/7/2017,11.72,11.81,11.72,11.81,11.81,7500
20/7/2017,11.81,11.82,11.81,11.82,11.82,3700
21/7/2017,11.82,11.97,11.82,11.97,11.97,4200
24/7/2017,11.84,12.06,11.84,12.06,12.06,6100
25/7/2017,12.09,12.3,12.09,12.3,12.3,2400
26/7/2017,12.15,12.22,12.12,12.21,12.21,11500
27/7/2017,12.115,12.19,12.05,12.05,12.05,3600
28/7/2017,12.42,12.42,12.26,12.36,12.36,11000
31/7/2017,12.19,12.31,12.19,12.31,12.31,5800
1/8/2017,12.22,12.4,12.22,12.395,12.395,2200
2/8/2017,12.25,12.26,12.17,12.205,12.205,6300
3/8/2017,12.14,12.22,12.14,12.18,12.18,10500
4/8/2017,12.33,12.33,12,12.11,12.11,2200
7/8/2017,12.6,12.6,12.6,12.6,12.6,400
8/8/2017,12.698,12.698,12.49,12.555,12.555,2400
9/8/2017,12.25,12.28,12.2,12.273,12.273,7500
10/8/2017,12.2,12.22,11.755,11.755,11.755,3800
11/8/2017,11.86,11.86,11.71,11.86,11.86,4200
14/8/2017,11.86,12.01,11.86,12.01,12.01,2500
15/8/2017,12.062,12.11,12,12.05,12.05,6300
16/8/2017,12.01,12.08,12.01,12.08,12.08,2700
17/8/2017,12.15,12.15,12.01,12.136,12.136,2600
18/8/2017,12.01,12.13,12.01,12.13,12.13,3400
21/8/2017,12,12,11.91,11.97,11.97,16900
22/8/2017,12,12.09,12,12.086,12.086,4800
23/8/2017,12.12,12.17,12.07,12.16,12.16,7900
24/8/2017,11.85,11.95,11.85,11.926,11.926,4600
25/8/2017,11.95,11.95,11.84,11.92,11.92,5800
28/8/2017,11.895,11.95,11.8,11.92,11.92,25900
29/8/2017,12,12,11.85,11.878,11.878,3700
30/8/2017,11.945,11.99,11.9,11.99,11.99,7500
31/8/2017,11.974,11.99,11.92,11.99,11.99,7800
1/9/2017,11.91,11.95,11.89,11.95,11.95,10500
5/9/2017,11.97,12.08,11.97,12.08,12.08,11100
6/9/2017,12.02,12.03,11.98,12,12,5400
7/9/2017,12.03,12.03,11.95,12,12,14100
8/9/2017,11.95,11.95,11.8,11.93,11.93,8400
11/9/2017,11.75,12.12,11.75,12.08,12.08,5700
12/9/2017,11.64,11.78,11.5,11.75,11.75,13400
13/9/2017,11.41,11.41,11.3,11.32,11.32,15000
14/9/2017,11.37,11.37,11.04,11.33,11.33,4400
15/9/2017,11.35,11.35,11.04,11.2,11.2,6600
18/9/2017,11.36,11.36,11.2,11.24,11.24,4700
19/9/2017,11.4,11.4,11.06,11.23,11.23,5700
20/9/2017,11.05,11.32,11.013,11.17,11.17,10000
21/9/2017,10.99,11.28,10.99,11.28,11.28,11500
22/9/2017,11.25,11.25,11.04,11.2,11.2,9400
25/9/2017,10.99,11.32,10.99,11.14,11.14,5200
26/9/2017,11.02,11.35,11.02,11.21,11.21,9700
27/9/2017,10.95,10.95,10.866,10.93,10.93,10200
28/9/2017,10.9,11,10.9,10.94,10.94,7000
29/9/2017,10.97,10.97,10.95,10.95,10.95,1500
2/10/2017,11.09,11.19,11.06,11.13,11.13,10500
3/10/2017,11.136,11.2,11.136,11.2,11.2,8800
4/10/2017,11.04,11.05,10.99,11.02,11.02,6900
5/10/2017,10.78,11.01,10.78,10.985,10.985,9300
6/10/2017,11.03,11.04,11,11.04,11.04,5400
9/10/2017,11.03,11.15,11.03,11.058,11.058,1800
10/10/2017,11.24,11.28,11.24,11.26,11.26,8200
11/10/2017,11.062,11.15,11.062,11.104,11.104,4700
12/10/2017,11.119,11.14,11.11,11.13,11.13,6100
13/10/2017,11.21,11.28,11.21,11.28,11.28,2900
16/10/2017,11.32,11.33,11.3,11.32,11.32,11100
17/10/2017,11.38,11.38,11.22,11.26,11.26,4300
18/10/2017,11.28,11.28,11.09,11.17,11.17,8700
19/10/2017,10.94,11.029,10.94,10.94,10.94,12200
20/10/2017,10.98,10.98,10.89,10.91,10.91,6400
23/10/2017,10.99,11.02,10.9,10.96,10.96,13700
24/10/2017,10.65,10.77,10.65,10.71,10.71,22200
25/10/2017,10.7,10.7,10.57,10.7,10.7,8600
26/10/2017,10.74,10.74,10.67,10.71,10.71,11200
27/10/2017,10.716,10.84,10.7,10.84,10.84,4400
30/10/2017,10.67,10.7,10.62,10.67,10.67,16000
31/10/2017,10.88,10.88,10.7,10.8,10.8,18700
1/11/2017,10.51,10.7,10.51,10.65,10.65,6700
2/11/2017,10.47,10.47,10.35,10.44,10.44,8000
3/11/2017,10.48,10.48,10.31,10.4,10.4,10000
6/11/2017,10.38,10.6,10.37,10.55,10.55,125400
7/11/2017,10.57,10.57,10.39,10.47,10.47,51700
8/11/2017,10.49,10.49,10.35,10.42,10.42,17500
9/11/2017,10.39,10.54,10.3,10.5,10.5,11800
10/11/2017,10.42,10.42,10.4,10.4,10.4,6300
13/11/2017,10.88,11.25,10.88,11.25,11.25,22100
14/11/2017,9.67,10.06,9.67,10,10,56600
15/11/2017,10.01,10.14,10,10.14,10.14,9800
16/11/2017,10.1,10.15,10.05,10.136,10.136,15400
17/11/2017,9.95,10.18,9.95,10.11,10.11,6100
20/11/2017,10.32,10.32,10.14,10.203,10.203,23100
21/11/2017,10.295,10.4,10.25,10.34,10.34,25500
22/11/2017,10.12,10.18,10.12,10.18,10.18,5800
24/11/2017,10.18,10.19,9.98,10.165,10.165,11500
27/11/2017,10.25,10.3,10.25,10.295,10.295,11500
28/11/2017,10.35,10.35,10.15,10.24,10.24,28700
29/11/2017,10.38,10.38,10.16,10.185,10.185,9400
30/11/2017,10.295,10.39,10.27,10.3,10.3,16200
1/12/2017,10.23,10.23,10.04,10.11,10.11,21000
4/12/2017,10.1,10.1,9.93,10.02,10.02,17000
5/12/2017,10,10.03,9.91,9.965,9.965,27800
6/12/2017,9.76,9.92,9.76,9.91,9.91,21200
7/12/2017,9.87,9.89,9.79,9.87,9.87,25900
8/12/2017,9.91,9.95,9.89,9.92,9.92,13100
11/12/2017,9.95,9.97,9.94,9.954,9.954,7900
12/12/2017,10.16,10.16,9.86,9.89,9.89,21800
13/12/2017,10.08,10.21,9.9,10.11,10.11,34200
14/12/2017,9.63,9.73,9.63,9.64,9.64,25400
15/12/2017,9.169,9.28,9.169,9.275,9.275,46400
18/12/2017,9.248,9.26,9.08,9.2,9.2,56900
19/12/2017,9.14,9.202,8.99,9.1,9.1,34200
20/12/2017,9.015,9.08,8.99,9,9,42700
21/12/2017,9.14,9.14,8.99,9,9,57400
22/12/2017,9.083,9.18,9.083,9.125,9.125,19700
26/12/2017,9.052,9.25,9.05,9.159,9.159,11500
27/12/2017,9.26,9.26,9.13,9.145,9.145,34400
28/12/2017,9.023,9.26,9.02,9.24,9.24,82500
29/12/2017,9.32,9.32,9.17,9.19,9.19,14900
2/1/2018,9.265,9.34,9.19,9.27,9.27,32100
3/1/2018,9.4,9.4,9.3,9.375,9.375,36700
4/1/2018,9.2,9.2,9,9.125,9.125,46700
5/1/2018,9.09,9.1,9.05,9.1,9.1,35700
8/1/2018,9.005,9.16,9.001,9.16,9.16,25100
9/1/2018,8.97,9.01,8.95,9,9,52600
10/1/2018,9.085,9.18,8.99,9.155,9.155,177000
11/1/2018,9.209,9.209,9.1,9.15,9.15,54800
12/1/2018,9.13,9.16,8.86,9.15,9.15,48300
16/1/2018,8.94,8.94,8.87,8.87,8.87,102900
17/1/2018,8.83,8.83,8.78,8.78,8.78,215300
18/1/2018,8.83,8.83,8.65,8.7,8.7,123300
19/1/2018,8.856,8.9,8.75,8.8,8.8,37000
22/1/2018,8.89,8.9,8.58,8.84,8.84,82800
23/1/2018,8.865,8.91,8.84,8.87,8.87,64900
24/1/2018,9.03,9.08,9.02,9.055,9.055,35200
25/1/2018,9,9.08,9,9.07,9.07,10100
26/1/2018,9.53,9.85,9.38,9.85,9.85,82700
29/1/2018,9.53,9.53,9.415,9.49,9.49,272300
30/1/2018,9.035,9.17,8.9,9.11,9.11,65800
31/1/2018,9.25,9.26,9.05,9.12,9.12,67300
1/2/2018,8.94,9.12,8.94,9.08,9.08,31500
2/2/2018,9.02,9.12,9.02,9.12,9.12,95700
5/2/2018,9,9.09,8.91,8.925,8.925,72700
6/2/2018,8.48,8.81,8.48,8.56,8.56,72800
7/2/2018,8.89,8.89,8.68,8.8,8.8,119600
8/2/2018,8.72,8.72,8.6,8.6,8.6,62500
9/2/2018,8.82,8.82,8.65,8.7,8.7,28500
12/2/2018,9,9,8.56,8.73,8.73,35000
13/2/2018,8.73,9.12,8.73,8.875,8.875,100700
14/2/2018,8.69,8.7,8.59,8.67,8.67,56500
15/2/2018,8.83,8.86,8.65,8.81,8.81,26900
16/2/2018,8.75,8.77,8.65,8.74,8.74,50200
20/2/2018,8.94,8.94,8.76,8.82,8.82,15300
21/2/2018,8.79,8.79,8.645,8.645,8.645,71200
22/2/2018,8.88,8.88,8.605,8.65,8.65,38600
23/2/2018,8.83,8.99,8.83,8.9,8.9,23900
26/2/2018,9.005,9.05,9.005,9.04,9.04,36500
27/2/2018,8.91,8.91,8.73,8.8,8.8,30800
28/2/2018,9.18,9.26,9.014,9.15,9.15,37100
1/3/2018,9.04,9.04,8.86,8.905,8.905,10000
2/3/2018,8.7,8.76,8.52,8.735,8.735,33300
5/3/2018,8.6,8.81,8.6,8.79,8.79,35400
6/3/2018,8.905,8.94,8.6,8.86,8.86,37800
7/3/2018,8.54,8.87,8.54,8.7,8.7,24700
8/3/2018,8.56,8.92,8.56,8.845,8.845,12300
9/3/2018,8.85,8.85,8.58,8.85,8.85,13100
12/3/2018,8.662,8.95,8.662,8.845,8.845,11700
13/3/2018,9,9,8.779,8.9,8.9,54100
14/3/2018,8.83,8.83,8.7,8.715,8.715,54500
15/3/2018,8.72,8.82,8.68,8.82,8.82,48900
16/3/2018,8.88,8.88,8.76,8.78,8.78,13500
19/3/2018,8.665,8.78,8.55,8.55,8.55,67900
20/3/2018,8.73,8.73,8.55,8.68,8.68,86000
21/3/2018,8.56,8.7,8.56,8.675,8.675,58700
22/3/2018,8.57,8.73,8.57,8.62,8.62,28000
23/3/2018,8.41,8.49,8.34,8.365,8.365,37000
26/3/2018,8.425,8.52,8.35,8.495,8.495,145100
27/3/2018,8.33,8.61,8.29,8.32,8.32,552900
28/3/2018,8.27,8.5,8.2,8.27,8.27,1053100
29/3/2018,8.12,8.23,8.12,8.21,8.21,790100
2/4/2018,8.39,8.46,8.23,8.35,8.35,47200
3/4/2018,8.21,8.36,8.15,8.285,8.285,100100
4/4/2018,8.11,8.12,8.04,8.11,8.11,84800
5/4/2018,8.2,8.3,8.15,8.245,8.245,96000
6/4/2018,8.15,8.19,8.05,8.05,8.05,86900
9/4/2018,7.89,7.92,7.78,7.86,7.86,45200
10/4/2018,7.64,7.65,7.54,7.625,7.625,242000
11/4/2018,7.32,7.6,7.32,7.575,7.575,79000
12/4/2018,7.47,7.6,7.46,7.495,7.495,52400
13/4/2018,7.3,7.45,7.3,7.4,7.4,21000
16/4/2018,7.17,7.36,7.17,7.31,7.31,77900
17/4/2018,7.31,7.33,7.21,7.22,7.22,157800
18/4/2018,7.25,7.45,7.25,7.395,7.395,22600
19/4/2018,7.39,7.4,7.35,7.395,7.395,19400
20/4/2018,7.38,7.38,7.26,7.265,7.265,46500
23/4/2018,7.16,7.25,7.06,7.11,7.11,30700
24/4/2018,7.12,7.12,7.01,7.02,7.02,113600
25/4/2018,7.1,7.1,7.05,7.09,7.09,52400
26/4/2018,7.185,7.22,7.08,7.11,7.11,49100
27/4/2018,7.27,7.27,7.122,7.17,7.17,37600
30/4/2018,7.27,7.27,7.175,7.2,7.2,23500
1/5/2018,7.41,7.41,7.23,7.32,7.32,133900
2/5/2018,7.258,7.37,7.23,7.345,7.345,28700
3/5/2018,7.4,7.42,7.36,7.375,7.375,21900
4/5/2018,7.42,7.48,7.4,7.4,7.4,32000
7/5/2018,7.4,7.53,7.35,7.44,7.44,20100
8/5/2018,7.435,7.55,7.33,7.48,7.48,76500
9/5/2018,7.45,7.45,7.36,7.44,7.44,40600
10/5/2018,7.5,7.5,7.3,7.43,7.43,24200
11/5/2018,7.16,7.23,7.156,7.2,7.2,44600
14/5/2018,7.33,7.33,7.21,7.3,7.3,8900
15/5/2018,7.23,7.23,7.1,7.1,7.1,51700
16/5/2018,7.21,7.21,7.05,7.12,7.12,19200
17/5/2018,7.18,7.18,7.02,7.085,7.085,47600
18/5/2018,7,7.12,7,7.1,7.1,19000
21/5/2018,7.075,7.14,7.03,7.06,7.06,21200
22/5/2018,7.12,7.12,7.01,7.01,7.01,106400
23/5/2018,7.038,7.038,6.96,7.01,7.01,33500
24/5/2018,7,7,6.88,6.92,6.92,62400
25/5/2018,6.6,6.88,6.6,6.84,6.84,27200
29/5/2018,6.76,6.76,6.601,6.66,6.66,60500
30/5/2018,6.78,6.78,6.63,6.68,6.68,76000
31/5/2018,6.75,6.84,6.73,6.77,6.77,65800
1/6/2018,6.74,6.74,6.65,6.68,6.68,25700
4/6/2018,6.665,6.7,6.55,6.57,6.57,472700
5/6/2018,6.59,6.59,6.41,6.5,6.5,368300
6/6/2018,6.6,6.6,6.47,6.53,6.53,39300
7/6/2018,6.63,6.63,6.47,6.475,6.475,71600
8/6/2018,6.59,6.59,6.5,6.54,6.54,46100
11/6/2018,6.62,6.62,6.55,6.575,6.575,83000
12/6/2018,6.54,6.68,6.54,6.6,6.6,132000
13/6/2018,6.69,6.77,6.69,6.715,6.715,126700
14/6/2018,6.82,6.95,6.69,6.805,6.805,56800
15/6/2018,6.69,6.69,6.52,6.65,6.65,42000
18/6/2018,6.63,6.63,6.52,6.59,6.59,21500
19/6/2018,6.495,6.54,6.45,6.475,6.475,61700
20/6/2018,6.53,6.53,6.4,6.49,6.49,96400
21/6/2018,6.53,6.54,6.43,6.465,6.465,50000
22/6/2018,6.54,6.54,6.4,6.445,6.445,32900
25/6/2018,6.3,6.5,6.3,6.455,6.455,132700
26/6/2018,6.565,6.565,6.49,6.525,6.525,85700
27/6/2018,6.59,6.59,6.46,6.47,6.47,47600
28/6/2018,6.51,6.51,6.43,6.43,6.43,44600
29/6/2018,6.66,6.84,6.66,6.75,6.75,27200
2/7/2018,6.658,6.66,6.5,6.59,6.59,45200
3/7/2018,6.6,6.64,6.51,6.595,6.595,9600
5/7/2018,6.55,6.57,6.43,6.53,6.53,34300
6/7/2018,6.79,6.79,6.6,6.655,6.655,38000
9/7/2018,6.84,7,6.795,6.925,6.925,30200
10/7/2018,7.1,7.239,7.1,7.235,7.235,84500
11/7/2018,7.11,7.24,7.09,7.13,7.13,48400
12/7/2018,7.008,7.08,7,7.045,7.045,72000
13/7/2018,7,7.04,6.96,7.005,7.005,16500
16/7/2018,7,7.11,6.9,7.105,7.105,34600
17/7/2018,7,7.2,7,7.195,7.195,58500
18/7/2018,7.215,7.25,7.19,7.215,7.215,77400
19/7/2018,7.253,7.27,7.14,7.23,7.23,32400
20/7/2018,6.94,7.22,6.94,7.165,7.165,12400
23/7/2018,7.35,7.41,7.305,7.37,7.37,18400
24/7/2018,6.99,7.14,6.99,7.08,7.08,122900
25/7/2018,7.11,7.18,7,7.15,7.15,13100
26/7/2018,7.125,7.24,7.125,7.24,7.24,26700
27/7/2018,7.15,7.15,7.04,7.07,7.07,37500
30/7/2018,7.1,7.1,7,7,7,15400
31/7/2018,6.99,7.1,6.99,7.075,7.075,33500
1/8/2018,7.01,7.07,7.01,7.07,7.07,15300
2/8/2018,6.97,6.97,6.81,6.935,6.935,33100
3/8/2018,6.54,6.85,6.54,6.82,6.82,149800
6/8/2018,7.19,7.23,7.12,7.17,7.17,19300
7/8/2018,7.46,7.51,7.419,7.42,7.42,57600
8/8/2018,7.19,7.19,7.05,7.065,7.065,69700
9/8/2018,7.104,7.14,7.043,7.115,7.115,29900
10/8/2018,7.22,7.25,7.2,7.205,7.205,20300
13/8/2018,7.14,7.25,7.14,7.22,7.22,48300
14/8/2018,7.185,7.2,7.13,7.135,7.135,44400
15/8/2018,7.165,7.2,7.15,7.16,7.16,25200
16/8/2018,7.16,7.16,7.07,7.075,7.075,27900
17/8/2018,6.82,7.23,6.82,7.215,7.215,11600
20/8/2018,6.96,7.19,6.96,7.14,7.14,9400
21/8/2018,7,7,6.91,6.93,6.93,49000
22/8/2018,6.843,6.93,6.843,6.91,6.91,35100
23/8/2018,6.985,6.985,6.931,6.98,6.98,17200
24/8/2018,7.1,7.16,7.04,7.11,7.11,10500
27/8/2018,7.28,7.43,7.28,7.37,7.37,28900
28/8/2018,7.37,7.37,7.182,7.315,7.315,47900
29/8/2018,7.55,7.55,7.33,7.45,7.45,9300
30/8/2018,7.65,7.65,7.45,7.53,7.53,10700
31/8/2018,7.68,7.77,7.64,7.75,7.75,38500
4/9/2018,7.55,7.55,7.29,7.485,7.485,71400
5/9/2018,7.58,7.58,7.515,7.545,7.545,109200
6/9/2018,7.3,7.36,7.26,7.3,7.3,23900
7/9/2018,7.28,7.41,7.25,7.34,7.34,14000
10/9/2018,7.44,7.44,7.22,7.34,7.34,11800
11/9/2018,7.3,7.34,7.23,7.305,7.305,59200
12/9/2018,7.31,7.43,7.31,7.33,7.33,14100
13/9/2018,7.48,7.48,7.4,7.44,7.44,12000
14/9/2018,7.475,7.48,7.43,7.435,7.435,20500
17/9/2018,7.59,7.59,7.43,7.475,7.475,8300
18/9/2018,7.64,7.67,7.53,7.63,7.63,17500
19/9/2018,7.64,7.64,7.51,7.57,7.57,50000
20/9/2018,7.6,7.7,7.6,7.7,7.7,23700
21/9/2018,7.75,7.76,7.65,7.69,7.69,29300
24/9/2018,7.78,7.78,7.59,7.6,7.6,46300
25/9/2018,7.74,7.745,7.72,7.72,7.72,18100
26/9/2018,7.715,7.87,7.67,7.8,7.8,40000
27/9/2018,7.77,7.77,7.63,7.665,7.665,28900
28/9/2018,7.57,7.79,7.57,7.745,7.745,9200
1/10/2018,7.7,7.7,7.59,7.605,7.605,10200
2/10/2018,7.665,7.73,7.6,7.67,7.67,42700
3/10/2018,7.59,7.67,7.514,7.52,7.52,14500
4/10/2018,7.595,7.67,7.44,7.585,7.585,9600
5/10/2018,7.5,7.555,7.4,7.41,7.41,8900
8/10/2018,7.31,7.51,7.31,7.45,7.45,6000
9/10/2018,7.35,7.39,7.31,7.355,7.355,13900
10/10/2018,7.3,7.37,7.215,7.215,7.215,32800
11/10/2018,7.1,7.28,7.06,7.195,7.195,9100
12/10/2018,7.16,7.25,7.16,7.205,7.205,28300
15/10/2018,7.1,7.308,7.1,7.183,7.183,6200
16/10/2018,7.48,7.48,7.21,7.35,7.35,20000
17/10/2018,7.5,7.5,7.32,7.41,7.41,53500
18/10/2018,7.42,7.44,7.37,7.415,7.415,5200
19/10/2018,7.21,7.21,6.96,6.99,6.99,300100
22/10/2018,6.85,6.85,6.71,6.77,6.77,92000
23/10/2018,6.7,6.88,6.7,6.83,6.83,49500
24/10/2018,6.885,6.885,6.66,6.685,6.685,18900
25/10/2018,6.693,6.8,6.68,6.743,6.743,53400
26/10/2018,6.51,6.65,6.51,6.61,6.61,43900
29/10/2018,6.66,6.68,6.54,6.545,6.545,95000
30/10/2018,6.48,6.7,6.48,6.675,6.675,49400
31/10/2018,6.75,6.75,6.57,6.58,6.58,349200
1/11/2018,6.98,7.02,6.95,6.955,6.955,66700
2/11/2018,7.14,7.14,7.01,7.065,7.065,43800
5/11/2018,7.46,7.55,7.46,7.48,7.48,62700
6/11/2018,7.8,7.8,7.69,7.715,7.715,37500
7/11/2018,7.75,7.83,7.75,7.83,7.83,36700
8/11/2018,7.94,8.1,7.9,7.955,7.955,5400
9/11/2018,7.96,8.05,7.96,8.05,8.05,6700
12/11/2018,8.2,8.2,8.05,8.055,8.055,17500
13/11/2018,8.05,8.13,8.02,8.02,8.02,23900
14/11/2018,8.135,8.14,8.04,8.085,8.085,10500
15/11/2018,8.34,8.44,8.27,8.33,8.33,11000
16/11/2018,8.17,8.47,8.17,8.3,8.3,4800
19/11/2018,8.12,8.47,8.12,8.185,8.185,10700
20/11/2018,8.09,8.17,7.98,8.025,8.025,26100
21/11/2018,8.04,8.17,8.04,8.11,8.11,9400
23/11/2018,8.15,8.35,8.1,8.1,8.1,3300
26/11/2018,8.214,8.214,8.07,8.17,8.17,9100
27/11/2018,8.21,8.28,8.21,8.265,8.265,44700
28/11/2018,8.27,8.43,8.26,8.305,8.305,16800
29/11/2018,8.2,8.2,8.04,8.095,8.095,5800
30/11/2018,8.19,8.19,7.95,8.08,8.08,6500
3/12/2018,8.2,8.25,8.2,8.23,8.23,8800
4/12/2018,7.725,7.98,7.7,7.72,7.72,36800
6/12/2018,7.46,7.84,7.46,7.73,7.73,19900
7/12/2018,8.03,8.03,7.76,7.89,7.89,6700
10/12/2018,7.635,7.75,7.51,7.65,7.65,20900
11/12/2018,7.52,7.82,7.52,7.545,7.545,23700
12/12/2018,7.597,7.77,7.55,7.71,7.71,16800
13/12/2018,7.59,7.86,7.56,7.78,7.78,33900
14/12/2018,7.435,7.51,7.29,7.46,7.46,8700
17/12/2018,7.45,7.45,7.31,7.355,7.355,18400
18/12/2018,7.52,7.52,7.24,7.29,7.29,106600
19/12/2018,7.36,7.4,7.21,7.315,7.315,22800
20/12/2018,7.15,7.15,6.92,7.07,7.07,14900
21/12/2018,6.74,7.07,6.74,6.865,6.865,19400
24/12/2018,6.975,6.975,6.7,6.81,6.81,24500
26/12/2018,6.52,6.74,6.52,6.695,6.695,30500
27/12/2018,6.503,6.8,6.47,6.725,6.725,64800
28/12/2018,6.5,6.752,6.5,6.59,6.59,60300
31/12/2018,6.62,6.7,6.6,6.65,6.65,115300
2/1/2019,6.59,6.7,6.59,6.59,6.59,25700
3/1/2019,6.614,6.84,6.6,6.665,6.665,24000
4/1/2019,6.69,6.87,6.69,6.83,6.83,38500
7/1/2019,6.9,7.09,6.9,7.045,7.045,53700
8/1/2019,7.23,7.5,7.22,7.285,7.285,45600
9/1/2019,7.49,7.49,7.3,7.345,7.345,11400
10/1/2019,7.48,7.5,7.33,7.47,7.47,38000
11/1/2019,7.76,7.76,7.43,7.53,7.53,7500
14/1/2019,7.73,7.73,7.55,7.56,7.56,16600
15/1/2019,7.76,7.77,7.66,7.695,7.695,34700
16/1/2019,7.68,7.77,7.68,7.7,7.7,31800
17/1/2019,7.48,7.73,7.48,7.675,7.675,6800
18/1/2019,7.52,7.76,7.52,7.64,7.64,6000
22/1/2019,7.77,7.77,7.465,7.465,7.465,20400
23/1/2019,7.47,7.6,7.47,7.58,7.58,23000
24/1/2019,7.77,7.77,7.64,7.75,7.75,25600
25/1/2019,7.73,7.82,7.71,7.795,7.795,51600
28/1/2019,7.45,7.79,7.45,7.6,7.6,51800
29/1/2019,7.858,7.94,7.63,7.85,7.85,13400
30/1/2019,7.536,7.71,7.51,7.585,7.585,49500
31/1/2019,7.33,7.7,7.33,7.545,7.545,13200
1/2/2019,7.55,7.55,7.3,7.3,7.3,11800
4/2/2019,7.43,7.44,7.29,7.385,7.385,12000
5/2/2019,7.4,7.48,7.4,7.48,7.48,16100
6/2/2019,7.7,7.7,7.44,7.465,7.465,11000
7/2/2019,7.43,7.45,7.28,7.36,7.36,15700
8/2/2019,7.28,7.36,7.17,7.305,7.305,7300
11/2/2019,7.26,7.3,7.26,7.26,7.26,9700
12/2/2019,7.44,7.55,7.37,7.515,7.515,82400
13/2/2019,7.53,7.53,7.32,7.36,7.36,16800
14/2/2019,7.295,7.3,7.25,7.29,7.29,9100
15/2/2019,7.262,7.37,7.26,7.33,7.33,3000
19/2/2019,7.35,7.35,7.22,7.275,7.275,32100
20/2/2019,7.3,7.37,7.275,7.28,7.28,40300
21/2/2019,7.73,7.73,7.54,7.61,7.61,32800
22/2/2019,7.78,7.78,7.63,7.645,7.645,27100
25/2/2019,7.71,7.71,7.6,7.615,7.615,36200
26/2/2019,7.69,7.78,7.64,7.76,7.76,70100
27/2/2019,8.06,8.06,7.81,7.96,7.96,126400
28/2/2019,8,8.06,7.92,7.945,7.945,23400
1/3/2019,7.988,8.02,7.975,8.015,8.015,11300
4/3/2019,8.28,8.55,8.28,8.455,8.455,67600
5/3/2019,8.44,8.44,8.3,8.35,8.35,58000
6/3/2019,8.475,8.55,8.475,8.51,8.51,44000
7/3/2019,8.55,8.684,8.49,8.495,8.495,42400
8/3/2019,8.49,8.5,8.4,8.49,8.49,44500
11/3/2019,8.54,8.54,8.47,8.5,8.5,28200
12/3/2019,8.53,8.53,8.32,8.345,8.345,30600
13/3/2019,8.607,8.61,8.54,8.59,8.59,94500
14/3/2019,8.69,8.85,8.595,8.76,8.76,140600
15/3/2019,8.9,8.9,8.69,8.71,8.71,97000
18/3/2019,8.72,9.05,8.72,8.995,8.995,113500
19/3/2019,8.96,8.96,8.8,8.845,8.845,97200
20/3/2019,9.28,9.28,8.85,9.165,9.165,82500
21/3/2019,9.24,9.314,9.135,9.314,9.314,204900
22/3/2019,9.36,9.47,9.33,9.34,9.34,256900
25/3/2019,9.63,9.63,9.45,9.58,9.58,108700
26/3/2019,9.5,9.74,9.5,9.605,9.605,101200
27/3/2019,9.55,9.59,9.385,9.435,9.435,115200
28/3/2019,9.41,9.7,9.41,9.63,9.63,158900
29/3/2019,9.64,9.87,9.5,9.5,9.5,259700
1/4/2019,9.19,9.19,8.99,8.99,8.99,408100
2/4/2019,8.72,8.79,8.52,8.745,8.745,232500
3/4/2019,8.84,8.84,8.67,8.79,8.79,61300
4/4/2019,8.9,9.03,8.855,9.005,9.005,85900
5/4/2019,9.59,9.64,9.451,9.62,9.62,99800
8/4/2019,9.98,9.98,9.77,9.78,9.78,160900
9/4/2019,10.02,10.02,9.9,9.95,9.95,89700
10/4/2019,10.05,10.08,9.81,9.83,9.83,187800
11/4/2019,9.76,9.76,9.61,9.705,9.705,83600
12/4/2019,9.68,9.85,9.68,9.81,9.81,56000
15/4/2019,9.69,9.69,9.53,9.59,9.59,165700
16/4/2019,9.5,9.64,9.5,9.56,9.56,63700
17/4/2019,10.39,10.45,10.35,10.35,10.35,98400
18/4/2019,10.64,10.79,10.164,10.71,10.71,84100
22/4/2019,11.06,11.06,10.84,10.895,10.895,86600
23/4/2019,10.6,10.6,10.475,10.58,10.58,89200
24/4/2019,10.96,10.96,10.66,10.84,10.84,63400
25/4/2019,10.64,10.96,10.64,10.85,10.85,59000
26/4/2019,10.91,11.23,10.91,11.075,11.075,86800
29/4/2019,11,11.18,11,11.13,11.13,52900
30/4/2019,11.31,11.31,11.16,11.22,11.22,44600
1/5/2019,11.31,11.31,11.2,11.2,11.2,108700
2/5/2019,11.18,11.25,11.115,11.205,11.205,38400
3/5/2019,11.25,11.36,11.21,11.36,11.36,51700
6/5/2019,11.16,11.26,11.05,11.25,11.25,77100
7/5/2019,10.97,10.97,10.75,10.775,10.775,115200
8/5/2019,10.66,10.88,10.66,10.8,10.8,86500
9/5/2019,10.43,10.43,10.12,10.27,10.27,124700
10/5/2019,10.5,10.89,10.36,10.67,10.67,127800
13/5/2019,10.16,10.16,9.9,9.97,9.97,136800
14/5/2019,10.05,10.12,9.97,10.12,10.12,73500
15/5/2019,9.88,10.22,9.88,10.19,10.19,49500
16/5/2019,10.01,10.29,10.01,10.22,10.22,45600
17/5/2019,10.01,10.01,9.89,9.9,9.9,48200
20/5/2019,9.895,9.98,9.815,9.925,9.925,19900
21/5/2019,9.95,10.08,9.81,10.015,10.015,15600
22/5/2019,10.08,10.08,10,10.02,10.02,102400
23/5/2019,9.8,9.96,9.7,9.75,9.75,65100
24/5/2019,10.19,10.35,10.19,10.335,10.335,23200
28/5/2019,10.5,10.5,10.32,10.355,10.355,59200
29/5/2019,10.37,10.394,10.325,10.37,10.37,52700
30/5/2019,10.27,10.27,10.03,10.09,10.09,43700
31/5/2019,10.15,10.35,10.15,10.33,10.33,93000
3/6/2019,10.44,10.44,10.21,10.26,10.26,21300
4/6/2019,10.59,10.59,10.28,10.385,10.385,33900
5/6/2019,10.5,10.5,10.226,10.34,10.34,72200
6/6/2019,10.8,10.875,10.71,10.75,10.75,65500
7/6/2019,11.01,11.01,10.8,10.895,10.895,54900
10/6/2019,10.88,11.125,10.88,10.96,10.96,28900
11/6/2019,11.21,11.36,11.1,11.13,11.13,29100
12/6/2019,11.17,11.17,10.99,11.105,11.105,26600
13/6/2019,11.13,11.21,11.1,11.21,11.21,101600
14/6/2019,11.38,11.38,11.17,11.23,11.23,20900
17/6/2019,11.66,11.74,11.56,11.73,11.73,116400
18/6/2019,11.51,11.73,11.51,11.69,11.69,64600
19/6/2019,11.7,11.7,11.52,11.59,11.59,33700
20/6/2019,11.9,11.95,11.82,11.9,11.9,52500
21/6/2019,11.9,11.9,11.68,11.76,11.76,19700
24/6/2019,12,12,11.9,11.95,11.95,50500
25/6/2019,12,12,11.9,11.902,11.902,25400
26/6/2019,11.77,11.9,11.77,11.9,11.9,10100
27/6/2019,11.87,11.87,11.78,11.79,11.79,10900
28/6/2019,11.96,12.04,11.8,11.99,11.99,17700
1/7/2019,11.68,11.76,11.52,11.57,11.57,53400
2/7/2019,11.5,11.6,11.44,11.485,11.485,16500
3/7/2019,11.37,11.37,11.16,11.33,11.33,21600
5/7/2019,10.975,11.18,10.975,11.01,11.01,15200
8/7/2019,11.02,11.08,10.98,10.981,10.981,17700
9/7/2019,10.99,11.095,10.99,11.03,11.03,21800
10/7/2019,10.98,10.98,10.75,10.795,10.795,49800
11/7/2019,10.8,10.95,10.8,10.94,10.94,18700
12/7/2019,10.48,10.77,10.48,10.645,10.645,29800
15/7/2019,10.48,10.66,10.48,10.659,10.659,23900
16/7/2019,11,11,10.7,10.825,10.825,16300
17/7/2019,10.585,10.87,10.585,10.71,10.71,10800
18/7/2019,10.48,10.54,10.39,10.52,10.52,30600
19/7/2019,10.5,10.5,10.4,10.415,10.415,24000
22/7/2019,10.29,10.64,10.29,10.48,10.48,27300
23/7/2019,10.5,10.599,10.49,10.575,10.575,29200
24/7/2019,10.69,10.69,10.46,10.485,10.485,15100
25/7/2019,10.6,10.6,10.33,10.35,10.35,29900
26/7/2019,10.46,10.565,10.35,10.4,10.4,24100
29/7/2019,10.3,10.54,10.3,10.39,10.39,15300
30/7/2019,10.79,10.79,10.5,10.69,10.69,27700
31/7/2019,10.3,10.3,10.18,10.2,10.2,56500
1/8/2019,10.3,10.44,10.1,10.33,10.33,69100
2/8/2019,10,10.3,10,10.075,10.075,23500
5/8/2019,9.74,9.99,9.648,9.715,9.715,36400
6/8/2019,9.72,10.1,9.72,9.925,9.925,18600
7/8/2019,9.955,9.97,9.76,9.944,9.944,24000
8/8/2019,9.68,10,9.68,9.95,9.95,51100
9/8/2019,10.1,10.104,9.82,9.89,9.89,71100
12/8/2019,10.026,10.07,9.738,9.75,9.75,42400
13/8/2019,9.71,9.98,9.71,9.87,9.87,18300
14/8/2019,9.87,9.87,9.59,9.59,9.59,28700
15/8/2019,9.461,9.565,9.41,9.52,9.52,28700
16/8/2019,9.54,9.59,9.5,9.545,9.545,24100
19/8/2019,9.74,9.74,9.55,9.57,9.57,16100
20/8/2019,9.5,9.6,9.5,9.585,9.585,24400
21/8/2019,9.52,9.64,9.52,9.61,9.61,23900
22/8/2019,9.545,9.6,9.5,9.523,9.523,11500
23/8/2019,9.26,9.61,9.26,9.428,9.428,32400
26/8/2019,9.52,9.598,9.51,9.53,9.53,55600
27/8/2019,9.39,9.5,9.31,9.39,9.39,38300
28/8/2019,8.99,8.99,8.72,8.75,8.75,58600
29/8/2019,8.69,9.19,8.69,9.18,9.18,131600
30/8/2019,9.34,9.44,9.34,9.4,9.4,35000
3/9/2019,9.7,9.7,9.5,9.59,9.59,35800
4/9/2019,9.65,9.7,9.54,9.56,9.56,44400
5/9/2019,9.59,9.65,9.4,9.46,9.46,69500
6/9/2019,9.34,9.34,9.2,9.22,9.22,24800
9/9/2019,9.47,9.6,9.47,9.525,9.525,11800
10/9/2019,9.535,9.535,9.47,9.49,9.49,21300
11/9/2019,9.39,9.4,9.34,9.34,9.34,16500
12/9/2019,9.06,9.31,9.06,9.14,9.14,31500
13/9/2019,9.2,9.25,9.2,9.23,9.23,15600
16/9/2019,9.25,9.42,9.07,9.265,9.265,4700
17/9/2019,9.55,9.76,9.55,9.75,9.75,19800
18/9/2019,9.715,9.88,9.55,9.62,9.62,17400
19/9/2019,9.43,9.43,9.3,9.395,9.395,9500
20/9/2019,9.704,9.75,9.69,9.7,9.7,43700
23/9/2019,9.56,9.81,9.56,9.755,9.755,66300
24/9/2019,9.75,9.87,9.75,9.8,9.8,63900
25/9/2019,9.81,9.81,9.76,9.77,9.77,27400
26/9/2019,10.005,10.005,9.86,9.94,9.94,27400
27/9/2019,10,10,9.71,9.75,9.75,21900
30/9/2019,9.65,9.83,9.65,9.81,9.81,58300
1/10/2019,10,10.05,9.94,10.05,10.05,29500
2/10/2019,9.38,9.77,9.38,9.595,9.595,22400
3/10/2019,9.65,9.65,9.5,9.598,9.598,9900
4/10/2019,9.53,9.6,9.51,9.56,9.56,31500
7/10/2019,9.57,9.71,9.56,9.615,9.615,5700
8/10/2019,9.81,9.81,9.61,9.665,9.665,17400
9/10/2019,9.69,9.69,9.32,9.5,9.5,19100
10/10/2019,9.53,9.53,9.38,9.41,9.41,15800
11/10/2019,9.41,9.42,9.4,9.4,9.4,3800
14/10/2019,9.26,9.48,9.26,9.36,9.36,7900
15/10/2019,9.35,9.4,9.28,9.3,9.3,17900
16/10/2019,9.5,9.5,9.17,9.25,9.25,8900
17/10/2019,9.33,9.58,9.33,9.371,9.371,5800
18/10/2019,9.64,9.78,9.5,9.665,9.665,15400
21/10/2019,9.778,9.85,9.73,9.77,9.77,8000
22/10/2019,9.87,10,9.78,9.935,9.935,214200
23/10/2019,9.64,9.67,9.588,9.63,9.63,19200
24/10/2019,9.57,9.68,9.57,9.67,9.67,17900
25/10/2019,9.5,9.67,9.5,9.625,9.625,6700
28/10/2019,9.65,9.65,9.48,9.54,9.54,40300
29/10/2019,9.653,9.67,9.55,9.55,9.55,3400
30/10/2019,9.54,9.628,9.48,9.61,9.61,39900
31/10/2019,9.61,9.61,9.46,9.58,9.58,20500
1/11/2019,9.58,9.6,9.51,9.54,9.54,9500
4/11/2019,9.74,9.74,9.56,9.59,9.59,21800
5/11/2019,9.25,9.25,9.05,9.2,9.2,54700
6/11/2019,9.45,9.57,9.45,9.53,9.53,34600
7/11/2019,9.76,9.87,9.66,9.775,9.775,51900
8/11/2019,9.51,9.51,9.24,9.345,9.345,28500
11/11/2019,9.05,9.23,9.05,9.2,9.2,19100
12/11/2019,9.11,9.11,8.9,8.99,8.99,54600
13/11/2019,8.99,9.13,8.99,8.99,8.99,53300
14/11/2019,8.76,8.76,8.56,8.596,8.596,38600
15/11/2019,8.5,8.62,8.5,8.6,8.6,13000
18/11/2019,8.605,8.75,8.605,8.74,8.74,35600
19/11/2019,8.75,8.9,8.75,8.76,8.76,17900
20/11/2019,8.98,9.09,8.87,8.916,8.916,55000
21/11/2019,8.9,8.91,8.84,8.89,8.89,19400
22/11/2019,8.613,8.88,8.613,8.695,8.695,34300
25/11/2019,8.84,8.84,8.6,8.64,8.64,37900
26/11/2019,8.7,8.7,8.57,8.59,8.59,30500
27/11/2019,8.7,8.7,8.53,8.53,8.53,51700
29/11/2019,8.53,8.66,8.5,8.595,8.595,17500
2/12/2019,8.41,8.6,8.41,8.49,8.49,64200
3/12/2019,8.91,8.91,8.5,8.6,8.6,56300
4/12/2019,8.575,8.68,8.575,8.66,8.66,33800
5/12/2019,8.5,8.5,8.24,8.4,8.4,24400
6/12/2019,8.425,8.5,8.4,8.46,8.46,17800
9/12/2019,8.46,8.5,8.4,8.425,8.425,36300
10/12/2019,8.6,8.6,8.29,8.4,8.4,34300
11/12/2019,8.53,8.53,8.47,8.48,8.48,74300
12/12/2019,8.75,8.75,8.41,8.58,8.58,26700
13/12/2019,8.63,8.63,8.416,8.49,8.49,21100
16/12/2019,8.515,8.6,8.515,8.54,8.54,25000
17/12/2019,8.5,8.61,8.5,8.61,8.61,19500
18/12/2019,8.293,8.51,8.293,8.5,8.5,30200
19/12/2019,8.66,8.66,8.55,8.555,8.555,15900
20/12/2019,8.96,8.96,8.73,8.75,8.75,30500
23/12/2019,9,9,8.75,8.93,8.93,53000
24/12/2019,8.94,8.99,8.86,8.95,8.95,57500
26/12/2019,8.95,8.95,8.6,8.66,8.66,102600
27/12/2019,8.82,8.82,8.59,8.6,8.6,45500
30/12/2019,8.57,8.64,8.375,8.515,8.515,39300
31/12/2019,8.44,8.52,8.44,8.505,8.505,43800
2/1/2020,8.625,8.94,8.55,8.585,8.585,16600
3/1/2020,8.69,8.69,8.5,8.58,8.58,21900
6/1/2020,8.58,8.58,8.5,8.51,8.51,111300
7/1/2020,8.75,8.75,8.51,8.54,8.54,22700
8/1/2020,8.54,8.54,8.48,8.525,8.525,17400
9/1/2020,8.65,8.65,8.46,8.505,8.505,28400
10/1/2020,8.442,8.46,8.41,8.43,8.43,65300
13/1/2020,8.4,8.42,8.37,8.39,8.39,29000
14/1/2020,8.61,8.61,8.3,8.325,8.325,47700
15/1/2020,8.49,8.49,8.3,8.31,8.31,43500
16/1/2020,8.33,8.69,8.33,8.46,8.46,71300
17/1/2020,8.33,8.5,8.33,8.46,8.46,13500
21/1/2020,8.58,8.58,8.25,8.37,8.37,13600
22/1/2020,8.37,8.37,8.35,8.37,8.37,23400
23/1/2020,8.13,8.26,8.05,8.13,8.13,53800
24/1/2020,8.025,8.14,8.025,8.07,8.07,28000
27/1/2020,8,8.08,7.88,7.99,7.99,224000
28/1/2020,7.85,8.03,7.65,7.79,7.79,117200
29/1/2020,7.83,8,7.83,7.93,7.93,75000
30/1/2020,7.75,7.878,7.75,7.79,7.79,34100
31/1/2020,7.75,7.82,7.74,7.79,7.79,27600
3/2/2020,7.79,7.87,7.78,7.795,7.795,50500
4/2/2020,7.93,7.95,7.8,7.915,7.915,39000
5/2/2020,8.111,8.111,7.95,7.96,7.96,50800
6/2/2020,7.89,7.93,7.89,7.9,7.9,15300
7/2/2020,7.9,7.94,7.9,7.935,7.935,13700
10/2/2020,7.81,7.97,7.81,7.848,7.848,17300
11/2/2020,8.108,8.108,7.895,7.923,7.923,41200
12/2/2020,7.91,8,7.91,7.96,7.96,34900
13/2/2020,7.865,7.93,7.77,7.83,7.83,37200
14/2/2020,8.37,8.37,8.05,8.21,8.21,86400
18/2/2020,8.5,8.5,8.4,8.445,8.445,43900
19/2/2020,8.37,8.55,8.37,8.525,8.525,19800
20/2/2020,8.59,8.66,8.31,8.44,8.44,67400
21/2/2020,8.61,8.8,8.61,8.78,8.78,38600
24/2/2020,8.65,8.753,8.5,8.578,8.578,31100
25/2/2020,8.473,8.78,8.46,8.69,8.69,84400
26/2/2020,8.7,9,8.7,8.89,8.89,59300
27/2/2020,8.64,8.64,8.47,8.5,8.5,72100
28/2/2020,8.235,8.35,7.89,8.24,8.24,69400
2/3/2020,8.675,8.675,8.08,8.36,8.36,45300
3/3/2020,8.41,8.64,8.2,8.29,8.29,121300
4/3/2020,8.37,8.46,8.3,8.417,8.417,28100
5/3/2020,8.26,8.5,8.26,8.26,8.26,104200
6/3/2020,8.209,8.209,8.1,8.145,8.145,37100
9/3/2020,7.375,7.83,7.175,7.25,7.25,484000
10/3/2020,7.61,8,7.25,7.325,7.325,96000
11/3/2020,7.735,7.735,7.13,7.13,7.13,54500
12/3/2020,6.665,7,6.31,6.392,6.392,143800
13/3/2020,6.71,6.725,6.2,6.25,6.25,82700
16/3/2020,6.25,6.44,6.05,6.22,6.22,79500
17/3/2020,6.05,6.47,6.05,6.46,6.46,113200
18/3/2020,6.05,6.75,6.05,6.4,6.4,44200
19/3/2020,6.4,6.81,6.28,6.6,6.6,58100
20/3/2020,7.05,7.05,6.33,6.51,6.51,39600
23/3/2020,6.83,7.06,6.26,6.765,6.765,46800
24/3/2020,6.95,7.391,6.95,7.28,7.28,20000
25/3/2020,7.03,7.47,7.03,7.433,7.433,37900
26/3/2020,6.77,7.8,6.77,7.603,7.603,30500
27/3/2020,7.39,7.98,7.26,7.385,7.385,22200
30/3/2020,7.625,7.829,7.5,7.57,7.57,141900
31/3/2020,7.3,7.65,7.3,7.5,7.5,133700
1/4/2020,7.05,7.6,7.05,7.15,7.15,32300
2/4/2020,7.05,7.48,7.05,7.25,7.25,58800
3/4/2020,7,7.03,6.86,6.96,6.96,37500
6/4/2020,7.08,7.5,7.08,7.32,7.32,97600
7/4/2020,8.66,8.66,7.42,7.9,7.9,124700
8/4/2020,7.98,8.05,7.86,7.95,7.95,196000
9/4/2020,7.66,8.2,7.66,8.16,8.16,51900
13/4/2020,8.413,8.5,8.15,8.155,8.155,64800
14/4/2020,8.57,8.57,8.25,8.46,8.46,100500
15/4/2020,8,8.5,8,8.19,8.19,25100
16/4/2020,8.4,8.46,8.3,8.45,8.45,22400
17/4/2020,8.46,8.61,8.4,8.47,8.47,27500
20/4/2020,8.75,9,8.5,8.55,8.55,75100
21/4/2020,8.25,8.6,8.25,8.415,8.415,79600
22/4/2020,8.253,8.48,8.25,8.471,8.471,36300
23/4/2020,8.56,8.68,8.5,8.5,8.5,54500
24/4/2020,8.585,8.615,8.5,8.59,8.59,43300
27/4/2020,8.74,8.74,8.53,8.585,8.585,36100
28/4/2020,8.69,8.84,8.69,8.8,8.8,48700
29/4/2020,9,9,8.86,8.945,8.945,29000
30/4/2020,8.44,8.54,8.43,8.49,8.49,31300
1/5/2020,8.42,8.57,8.42,8.51,8.51,121800
4/5/2020,8.091,8.5,8.091,8.42,8.42,15500
5/5/2020,8.43,8.69,8.43,8.53,8.53,12700
6/5/2020,8.6,8.6,8.48,8.48,8.48,81000
7/5/2020,8.833,8.95,8.81,8.92,8.92,55200
8/5/2020,8.93,9.02,8.93,8.94,8.94,66300
11/5/2020,9.64,9.64,9.17,9.25,9.25,49700
12/5/2020,9.31,9.31,9.12,9.121,9.121,45100
13/5/2020,8.77,9.19,8.77,9.033,9.033,32900
14/5/2020,9,9.08,8.88,9.05,9.05,19100
15/5/2020,9.3,9.3,9.07,9.165,9.165,46500
18/5/2020,9.3,9.45,9,9.435,9.435,27100
19/5/2020,9.24,9.34,9.16,9.275,9.275,14400
20/5/2020,9.31,9.31,9.13,9.24,9.24,13100
21/5/2020,9.24,9.27,9.1,9.12,9.12,18900
22/5/2020,9.3,9.3,9.13,9.21,9.21,27300
26/5/2020,8.56,9.44,8.56,9.05,9.05,43100
27/5/2020,9.12,9.22,9.08,9.22,9.22,27600
28/5/2020,9.45,9.63,9.31,9.515,9.515,24100
29/5/2020,9.19,9.19,8.97,9.14,9.14,23900
1/6/2020,9.385,9.385,9.28,9.3,9.3,22100
2/6/2020,9.38,9.38,9.21,9.3,9.3,30500
3/6/2020,9.23,9.23,9.12,9.23,9.23,52300
4/6/2020,9.22,9.22,9.08,9.14,9.14,18100
5/6/2020,9.07,9.07,8.97,8.995,8.995,34900
8/6/2020,9.04,9.04,8.86,8.96,8.96,50400
9/6/2020,8.94,9,8.89,8.9,8.9,19500
10/6/2020,8.6,9.05,8.6,9.03,9.03,30300
11/6/2020,8.72,8.89,8.53,8.578,8.578,13400
12/6/2020,9.04,9.04,8.89,8.98,8.98,25600
15/6/2020,8.05,8.75,8.05,8.72,8.72,31500
16/6/2020,8.771,8.81,8.66,8.705,8.705,36400
17/6/2020,8.865,8.92,8.79,8.84,8.84,21000
18/6/2020,8.8,8.8,8.686,8.748,8.748,30100
19/6/2020,8.9,8.9,8.65,8.67,8.67,14700
22/6/2020,8.73,8.81,8.72,8.725,8.725,17400
23/6/2020,9.2,9.2,8.92,9,9,55000
24/6/2020,9.1,9.105,8.901,9.01,9.01,42200
25/6/2020,9.17,9.35,9.17,9.26,9.26,61300
26/6/2020,9.17,9.17,9.01,9.06,9.06,30800
29/6/2020,8.9,9.03,8.83,8.94,8.94,6100
30/6/2020,9.19,9.19,8.68,8.76,8.76,19100
1/7/2020,8.92,8.92,8.85,8.89,8.89,22000
2/7/2020,9,9,8.86,8.95,8.95,29200
6/7/2020,9.03,9.03,8.93,8.95,8.95,35600
7/7/2020,9.288,9.29,9.19,9.25,9.25,29500
8/7/2020,9.25,9.27,9.185,9.23,9.23,19700
9/7/2020,9.32,9.32,9.23,9.25,9.25,24100
10/7/2020,9.18,9.38,9.18,9.34,9.34,50100
13/7/2020,9.313,9.385,9.24,9.301,9.301,77200
14/7/2020,9.04,9.15,9.04,9.08,9.08,37200
15/7/2020,9.074,9.1,9.05,9.066,9.066,14600
16/7/2020,9.16,9.16,9.01,9.01,9.01,9700
17/7/2020,9.05,9.15,9.05,9.09,9.09,17400
20/7/2020,9.2,9.26,9.2,9.23,9.23,34700
21/7/2020,9.3,9.36,9.27,9.27,9.27,41500
22/7/2020,9.36,9.36,9.19,9.23,9.23,47200
23/7/2020,9.36,9.36,9.17,9.2,9.2,14100
24/7/2020,9.2,9.234,9.18,9.19,9.19,26500
27/7/2020,9.6,9.6,9.39,9.43,9.43,111100
28/7/2020,9.47,9.57,9.45,9.55,9.55,43300
29/7/2020,9.5,9.5,9.35,9.38,9.38,64500
30/7/2020,9.19,9.3,9.12,9.253,9.253,40600
31/7/2020,9.21,9.21,9.09,9.11,9.11,35700
3/8/2020,9.395,9.84,9.195,9.813,9.813,86100
4/8/2020,10,10.13,9.95,10.13,10.13,55000
5/8/2020,10.1,10.1,10.01,10.08,10.08,14100
6/8/2020,9.85,9.92,9.77,9.895,9.895,17700
7/8/2020,9.97,10.05,9.94,9.98,9.98,23900
10/8/2020,9.78,10.305,9.78,10.05,10.05,52800
11/8/2020,10.05,10.05,9.85,9.87,9.87,70900
12/8/2020,9.26,9.43,9.22,9.42,9.42,45300
13/8/2020,9.165,9.22,9.12,9.16,9.16,28700
14/8/2020,9.27,9.27,9.18,9.21,9.21,12800
17/8/2020,9.205,9.27,9.2,9.204,9.204,11200
18/8/2020,9.133,9.16,9.058,9.08,9.08,8900
19/8/2020,9.01,9.11,9,9.005,9.005,48500
20/8/2020,8.83,8.9,8.825,8.868,8.868,31300
21/8/2020,8.88,9,8.88,8.95,8.95,40100
24/8/2020,8.85,8.98,8.85,8.92,8.92,29900
25/8/2020,8.85,8.9,8.78,8.84,8.84,22900
26/8/2020,8.705,8.8,8.695,8.78,8.78,33200
27/8/2020,8.7,8.7,8.51,8.54,8.54,72900
28/8/2020,8.47,8.643,8.47,8.585,8.585,26000
31/8/2020,8.877,8.877,8.62,8.805,8.805,36200
1/9/2020,8.67,8.85,8.67,8.82,8.82,32600
2/9/2020,8.82,9,8.82,8.97,8.97,45700
3/9/2020,9.05,9.18,8.95,8.98,8.98,54800
4/9/2020,8.99,9.14,8.97,9.14,9.14,25000
8/9/2020,9.435,9.5,9.37,9.38,9.38,114700
9/9/2020,9.61,9.74,9.6,9.669,9.669,78700
10/9/2020,10.22,10.303,10.02,10.183,10.183,90500
11/9/2020,10.71,10.8,10.61,10.67,10.67,34200
14/9/2020,11.26,11.26,11,11.06,11.06,55900
15/9/2020,11.23,11.23,11.044,11.11,11.11,32300
16/9/2020,11.19,11.29,11.18,11.2,11.2,24600
17/9/2020,11.3,11.535,11.3,11.408,11.408,66600
18/9/2020,11.675,11.73,11.13,11.151,11.151,23000
21/9/2020,10.7,11.02,10.7,11,11,18000
22/9/2020,10.63,11.426,10.63,11.09,11.09,11900
23/9/2020,11.19,12,11.19,11.45,11.45,75200
24/9/2020,11.67,11.67,11.17,11.24,11.24,20000
25/9/2020,11.29,11.29,10.98,11.01,11.01,77000
28/9/2020,10.91,11.09,10.87,11.08,11.08,107500
29/9/2020,10.785,10.785,10.6,10.6,10.6,38100
30/9/2020,10.56,10.84,10.37,10.82,10.82,30000
1/10/2020,10.66,10.93,10.66,10.92,10.92,41800
2/10/2020,10.92,11.25,10.92,11.244,11.244,75800
5/10/2020,11.4,11.4,11.23,11.29,11.29,51500
6/10/2020,10.97,11.45,10.97,11.26,11.26,92000
7/10/2020,10.86,11.4,10.86,11.21,11.21,30700
8/10/2020,11.08,11.47,11.08,11.36,11.36,38300
9/10/2020,11.92,11.92,11.42,11.57,11.57,21000
12/10/2020,11.79,11.79,11.54,11.68,11.68,29200
13/10/2020,11.85,11.85,11.65,11.7,11.7,28700
14/10/2020,11.25,11.44,11.23,11.23,11.23,79700
15/10/2020,10.975,11.05,10.8,11.03,11.03,31500
16/10/2020,11.11,11.11,10.66,10.79,10.79,52800
19/10/2020,10.8,10.84,10.715,10.72,10.72,10700
20/10/2020,10.68,10.71,10.635,10.66,10.66,15400
21/10/2020,10.68,10.71,10.5,10.54,10.54,12300
22/10/2020,10.5,10.55,10.29,10.34,10.34,28100
23/10/2020,10.315,10.36,10.27,10.27,10.27,32200
26/10/2020,10.008,10.04,9.96,10.01,10.01,14900
27/10/2020,9.95,10.15,9.95,10.03,10.03,29100
28/10/2020,9.72,10.47,9.72,10.03,10.03,16900
29/10/2020,10.09,10.39,9.95,10.04,10.04,76900
30/10/2020,9.85,9.85,9.67,9.71,9.71,19200
2/11/2020,9.9,9.905,9.7,9.81,9.81,54900
3/11/2020,10,10.19,9.85,10.19,10.19,300100
4/11/2020,10.235,10.29,9.874,9.96,9.96,145300
5/11/2020,10.205,10.27,10.19,10.21,10.21,9800
6/11/2020,10.17,10.59,10.09,10.48,10.48,24800
9/11/2020,11.47,11.47,10.6,10.65,10.65,80500
10/11/2020,10.6,10.6,10.39,10.5,10.5,44500
11/11/2020,10.6,10.75,10.531,10.6,10.6,19800
12/11/2020,10.54,10.59,10.35,10.35,10.35,20200
13/11/2020,10.87,10.87,10.46,10.53,10.53,18500
16/11/2020,11.02,11.02,10.6,10.69,10.69,31400
17/11/2020,10.61,10.85,10.61,10.75,10.75,22900
18/11/2020,10.97,10.97,10.53,10.535,10.535,21200
19/11/2020,10.55,10.56,10.5,10.53,10.53,9600
20/11/2020,10.6,10.99,10.6,10.94,10.94,18100
23/11/2020,10.82,11.06,10.74,10.97,10.97,28200
24/11/2020,11.25,11.27,11.01,11.23,11.23,32800
25/11/2020,11.13,11.13,10.72,10.84,10.84,33800
27/11/2020,11.27,11.45,11.1,11.45,11.45,19400
30/11/2020,11.4,11.4,10.9,11.2,11.2,76100
1/12/2020,11.2,11.2,10.8,10.94,10.94,80300
2/12/2020,10.55,11.06,10.55,10.99,10.99,28600
3/12/2020,11.47,11.47,10.75,10.84,10.84,22900
4/12/2020,10.37,10.37,10.125,10.23,10.23,135800
7/12/2020,9.91,9.91,9.68,9.73,9.73,94200
8/12/2020,10.25,10.25,9.8,9.96,9.96,43500
9/12/2020,10.3,10.3,9.85,9.95,9.95,16800
10/12/2020,9.8,9.9,9.69,9.8,9.8,16800
11/12/2020,9.755,10.16,9.755,9.87,9.87,26200
14/12/2020,10.25,10.25,9.83,9.9,9.9,67800
15/12/2020,9.89,10.23,9.76,9.99,9.99,18100
16/12/2020,9.89,9.98,9.68,9.73,9.73,38400
17/12/2020,9.51,9.77,9.51,9.71,9.71,79000
18/12/2020,9.765,9.84,9.71,9.8,9.8,38300
21/12/2020,10.18,10.18,9.82,9.9,9.9,33800
22/12/2020,9.735,9.89,9.68,9.79,9.79,151600
23/12/2020,9.79,9.79,9.66,9.75,9.75,15100
24/12/2020,9.585,9.86,9.585,9.745,9.745,9700
28/12/2020,9.7,9.7,9.36,9.425,9.425,38500
29/12/2020,9.66,9.78,9.542,9.67,9.67,30100
30/12/2020,9.61,9.776,9.61,9.66,9.66,52400
31/12/2020,9.485,9.73,9.485,9.67,9.67,10500
4/1/2021,9.635,9.67,9.466,9.47,9.47,35800
5/1/2021,9.22,9.534,9.22,9.51,9.51,77300
6/1/2021,9.5,9.71,9.5,9.7,9.7,14800
7/1/2021,9.5,9.6,9.5,9.54,9.54,23100
8/1/2021,9.555,9.69,9.555,9.66,9.66,21700
11/1/2021,9.48,9.8,9.48,9.61,9.61,34400
12/1/2021,9.5,9.75,9.5,9.59,9.59,64200
13/1/2021,9.555,9.61,9.25,9.36,9.36,68400
14/1/2021,9.73,9.73,9.35,9.45,9.45,31500
15/1/2021,9.75,9.8,9.48,9.6,9.6,23800
19/1/2021,9.78,9.78,9.315,9.475,9.475,35300
20/1/2021,9.328,9.505,9.328,9.44,9.44,27100
21/1/2021,9.45,9.49,9.36,9.45,9.45,19600
22/1/2021,9.3,9.51,9.3,9.49,9.49,55800
25/1/2021,9.64,9.64,9.34,9.39,9.39,16400
26/1/2021,9.3,9.685,9.3,9.54,9.54,25500
27/1/2021,9.525,9.525,9.33,9.36,9.36,30100
28/1/2021,9.8,10.19,9.8,10.17,10.17,72900
29/1/2021,9.8,9.97,9.71,9.9,9.9,28300
1/2/2021,9.35,9.66,9.35,9.66,9.66,79600
2/2/2021,9.61,9.965,9.61,9.91,9.91,31100
3/2/2021,10.32,10.32,10,10.07,10.07,13900
4/2/2021,10.235,10.34,10.07,10.26,10.26,25700
5/2/2021,10.675,10.675,10.232,10.435,10.435,38100
8/2/2021,10.4,10.55,10.17,10.48,10.48,34900
9/2/2021,10.55,10.9,10.5,10.9,10.9,47900
10/2/2021,11.025,11.12,10.87,11.03,11.03,60600
11/2/2021,11.134,11.136,11.08,11.08,11.08,30100
12/2/2021,10.98,10.98,10.1,10.973,10.973,29200
16/2/2021,10.625,10.82,10.3,10.36,10.36,20400
17/2/2021,10.63,10.742,10.63,10.68,10.68,25900
18/2/2021,10.99,10.99,10.53,10.62,10.62,18700
19/2/2021,10.35,10.73,10.35,10.69,10.69,21400
22/2/2021,10.975,11.23,10.46,10.76,10.76,35900
23/2/2021,10.49,10.865,10.48,10.78,10.78,33800
24/2/2021,10.6,11,10.6,10.9,10.9,23800
25/2/2021,11.25,11.5,11.05,11.09,11.09,162900
26/2/2021,11.22,11.27,11,11.03,11.03,110700
1/3/2021,11.01,11.08,10.73,10.9,10.9,22400
2/3/2021,11.035,11.035,10.44,10.81,10.81,26100
3/3/2021,10.665,10.76,10.51,10.52,10.52,62800
4/3/2021,10.39,10.64,10.39,10.42,10.42,66500
5/3/2021,10.4,10.67,10.4,10.59,10.59,34100
8/3/2021,10.452,10.58,10.44,10.48,10.48,45800
9/3/2021,10.325,10.33,10.25,10.3,10.3,59400
10/3/2021,10.46,10.46,10.282,10.31,10.31,34800
11/3/2021,10.3,10.576,10.26,10.5,10.5,13400
12/3/2021,11.01,11.5,11,11.382,11.382,61700
15/3/2021,14.87,14.87,13.66,14.12,14.12,196100
16/3/2021,14.27,14.34,13.75,13.76,13.76,114200
17/3/2021,12.975,13.4,12.85,13,13,96800
18/3/2021,12.96,13.55,12.96,13.43,13.43,97000
19/3/2021,13.8,13.8,13.373,13.6,13.6,34700
22/3/2021,14.045,14.09,13.48,13.73,13.73,19000
23/3/2021,13.17,13.17,12.61,12.72,12.72,58400
24/3/2021,12.55,12.92,12.41,12.45,12.45,56800
25/3/2021,12.68,12.68,12.25,12.4,12.4,21300
26/3/2021,12.2,12.3,12.1,12.25,12.25,27000
29/3/2021,12.3,12.89,12.3,12.43,12.43,23100
30/3/2021,12,12.42,12,12.05,12.05,49600
31/3/2021,12,12.09,12,12.08,12.08,24500
1/4/2021,12.05,12.29,11.92,12,12,26600
5/4/2021,11.6,12.18,11.6,12.15,12.15,22900
6/4/2021,11.605,12.24,11.39,11.89,11.89,25400
7/4/2021,11.89,12.1,11.89,11.97,11.97,23700
8/4/2021,11.56,12.08,11.56,12.08,12.08,47400
9/4/2021,12.19,12.19,12.05,12.06,12.06,16000
12/4/2021,12.285,12.285,12.08,12.17,12.17,30700
13/4/2021,11.58,12.09,11.58,12.09,12.09,16900
14/4/2021,12.25,12.654,12.25,12.65,12.65,20700
15/4/2021,13.13,13.13,12.65,12.69,12.69,17500
16/4/2021,12.7,12.7,12.45,12.5,12.5,66100
19/4/2021,12.92,12.92,12.17,12.6,12.6,24300
20/4/2021,11.815,12.29,11.815,12.2,12.2,41200
21/4/2021,11.66,11.78,11.66,11.74,11.74,51200
22/4/2021,12.35,12.55,12.35,12.51,12.51,59500
23/4/2021,11.911,12.47,11.911,12.39,12.39,38600
26/4/2021,13.17,13.17,12.72,12.834,12.834,12200
27/4/2021,13,13.14,13,13.07,13.07,29700
28/4/2021,13.18,13.45,13.18,13.26,13.26,20800
29/4/2021,13.61,13.61,13.18,13.36,13.36,20000
30/4/2021,12.84,12.87,12.71,12.71,12.71,14200
3/5/2021,12.765,12.85,12.678,12.72,12.72,19200
4/5/2021,12.34,12.694,12.34,12.65,12.65,18400
5/5/2021,12.712,12.81,12.682,12.7,12.7,52600
6/5/2021,12.18,12.268,12.1,12.11,12.11,87600
7/5/2021,12.324,12.34,12.186,12.22,12.22,22600
10/5/2021,12.486,12.486,12.05,12.13,12.13,22500
11/5/2021,12.08,12.08,11.74,11.79,11.79,48000
12/5/2021,12.08,12.08,11.56,11.619,11.619,37700
13/5/2021,11.5,11.5,11.34,11.35,11.35,50400
14/5/2021,11.87,12.02,11.79,11.9,11.9,28800
17/5/2021,11.9,12.165,11.9,12.15,12.15,31500
18/5/2021,12.03,12.18,12.03,12.03,12.03,18200
19/5/2021,11.9,12,11.74,11.74,11.74,37100
20/5/2021,11.9,12.03,11.9,11.97,11.97,12700
21/5/2021,12.034,12.034,11.86,11.91,11.91,17900
24/5/2021,11.73,11.77,11.73,11.75,11.75,18500
25/5/2021,11.75,11.832,11.648,11.72,11.72,17900
26/5/2021,11.8,11.87,11.786,11.81,11.81,15800
27/5/2021,11.53,11.53,11.38,11.393,11.393,69000
28/5/2021,11.7,11.7,11.39,11.538,11.538,22100
1/6/2021,11.425,11.49,11.36,11.465,11.465,26700
2/6/2021,11.2,11.5,11.2,11.43,11.43,191100
3/6/2021,11.42,11.462,11.06,11.42,11.42,44800
4/6/2021,11.33,11.45,11.33,11.45,11.45,60600
7/6/2021,12,12,11.65,11.66,11.66,26200
8/6/2021,11.7,11.989,11.7,11.95,11.95,46300
9/6/2021,11.75,11.75,11.606,11.62,11.62,11600
10/6/2021,11.62,11.69,11.53,11.59,11.59,41600
11/6/2021,11.83,11.83,11.71,11.76,11.76,52500
14/6/2021,12,12,11.78,11.825,11.825,16700
15/6/2021,11.964,11.964,11.79,11.8,11.8,38400
16/6/2021,11.892,11.96,11.78,11.85,11.85,12100
17/6/2021,11.677,11.81,11.63,11.705,11.705,14600
18/6/2021,11.75,11.75,11.34,11.395,11.395,18900
21/6/2021,11.396,11.49,11.31,11.49,11.49,38500
22/6/2021,11.5,11.5,11.22,11.305,11.305,53100
23/6/2021,11.4,11.494,11.31,11.35,11.35,20500
24/6/2021,11.32,11.32,11.25,11.265,11.265,14400
25/6/2021,11,11.49,11,11.22,11.22,18000
28/6/2021,11,11.505,11,11.34,11.34,16900
29/6/2021,11.23,11.29,11.17,11.205,11.205,40500
30/6/2021,11.386,11.386,11.14,11.238,11.238,25200
1/7/2021,11.21,11.236,11.1,11.12,11.12,11500
2/7/2021,11.264,11.32,11.22,11.32,11.32,8900
6/7/2021,11.07,11.27,11.07,11.123,11.123,12400
7/7/2021,11.228,11.26,11.1,11.1,11.1,26300
8/7/2021,11.31,11.33,11.26,11.26,11.26,22300
9/7/2021,11,11.75,11,11.75,11.75,24400
12/7/2021,11.68,12.02,11.68,11.98,11.98,13800
13/7/2021,11.58,12.026,11.58,11.97,11.97,16000
14/7/2021,11.72,12.104,11.72,12.04,12.04,8100
15/7/2021,12,12,11.75,11.816,11.816,16800
16/7/2021,11.57,12.06,11.57,11.93,11.93,11300
19/7/2021,11.501,11.99,11.501,11.78,11.78,34000
20/7/2021,11.38,11.88,11.38,11.79,11.79,22100
21/7/2021,11.95,11.95,11.77,11.9,11.9,18000
22/7/2021,11.914,11.914,11.836,11.87,11.87,68000
23/7/2021,11.61,11.92,11.6,11.9,11.9,53400
26/7/2021,11.6,11.84,11.5,11.52,11.52,575700
27/7/2021,11.22,11.22,10.9,11.03,11.03,89400
28/7/2021,10.99,11.01,10.8,10.92,10.92,43700
29/7/2021,11.065,11.294,11.065,11.26,11.26,15700
30/7/2021,10.65,11.03,10.65,10.95,10.95,12900
2/8/2021,11,11.166,10.68,11,11,10200
3/8/2021,11.14,11.18,10.98,11.021,11.021,79500
4/8/2021,11.4,12,11.36,11.98,11.98,374200
5/8/2021,12.15,12.39,12.15,12.38,12.38,242900
6/8/2021,12.5,12.5,12.015,12.15,12.15,8400
9/8/2021,12.4,12.45,12.02,12.085,12.085,16800
10/8/2021,12.125,12.5,12.125,12.255,12.255,49200
11/8/2021,12,12.104,11.69,12.04,12.04,22500
12/8/2021,11.25,11.44,11.25,11.44,11.44,39000
13/8/2021,11.314,11.37,11.314,11.365,11.365,13100
16/8/2021,11.1,11.162,11.05,11.125,11.125,23200
17/8/2021,11.31,11.31,10.81,10.95,10.95,63900
18/8/2021,10.5,10.58,10.23,10.23,10.23,104000
19/8/2021,10.1,10.16,9.87,9.91,9.91,59200
20/8/2021,9.42,9.69,9.42,9.67,9.67,27000
23/8/2021,9.635,9.75,9.37,9.6,9.6,41900
24/8/2021,9.782,9.91,9.75,9.88,9.88,104400
25/8/2021,10.16,10.275,10.124,10.275,10.275,18600
26/8/2021,10.252,10.4,10.22,10.318,10.318,34300
27/8/2021,10.365,10.365,10.15,10.23,10.23,34000
30/8/2021,10.035,10.24,10.035,10.24,10.24,44000
31/8/2021,10.524,10.56,10.39,10.41,10.41,30200
1/9/2021,10.476,10.52,10.45,10.47,10.47,34100
2/9/2021,10.77,10.77,10.26,10.37,10.37,55100
3/9/2021,10.28,10.356,10.19,10.35,10.35,11600
7/9/2021,10.13,10.15,10.03,10.03,10.03,30000
8/9/2021,10.5,10.5,10.338,10.38,10.38,59500
9/9/2021,10.26,10.3,10.14,10.24,10.24,21300
10/9/2021,10.3,10.32,10.08,10.2,10.2,33600
13/9/2021,10.2,10.32,10.2,10.22,10.22,22700
14/9/2021,10.39,10.39,10.27,10.33,10.33,72100
15/9/2021,10.4,10.4,10.22,10.32,10.32,56700
16/9/2021,10,10.36,10,10.28,10.28,24500
17/9/2021,10.28,10.32,10.1,10.1,10.1,22500
20/9/2021,10.1,10.16,10.02,10.065,10.065,32700
21/9/2021,10,10.2,10,10.16,10.16,60200
22/9/2021,10,10.22,10,10.1,10.1,29100
23/9/2021,10.29,10.29,10.06,10.172,10.172,22300
24/9/2021,10.25,10.29,10.06,10.07,10.07,17500
27/9/2021,10.15,10.15,10,10.08,10.08,18200
28/9/2021,10,10.01,9.81,9.81,9.81,35000
29/9/2021,9.8,9.9,9.8,9.85,9.85,84200
30/9/2021,9.735,9.87,9.73,9.86,9.86,100900
1/10/2021,9.9,10.15,9.86,10.105,10.105,23800
4/10/2021,10.3,10.5,10.24,10.36,10.36,17300
5/10/2021,10.5,10.66,10.39,10.58,10.58,37100
6/10/2021,10.4,10.43,10.29,10.39,10.39,24200
7/10/2021,10.37,10.53,10.28,10.415,10.415,31700
8/10/2021,9.67,10.18,9.67,9.88,9.88,32300
11/10/2021,9.75,9.98,9.75,9.925,9.925,35800
12/10/2021,9.75,9.87,9.75,9.79,9.79,21200
13/10/2021,9.85,9.95,9.85,9.918,9.918,26000
14/10/2021,10,10.09,9.95,10.03,10.03,22000
15/10/2021,10,10.05,9.99,10.04,10.04,18000
18/10/2021,10.04,10.22,10.04,10.18,10.18,39700
19/10/2021,10.81,10.85,10.76,10.77,10.77,70900
20/10/2021,10.82,10.92,10.82,10.86,10.86,12800
21/10/2021,10.88,10.88,10.74,10.765,10.765,17400
22/10/2021,10.7,10.99,10.7,10.971,10.971,21900
25/10/2021,11.055,11.1,11.02,11.08,11.08,43800
26/10/2021,11.08,11.08,11.01,11.05,11.05,40900
27/10/2021,11.13,11.13,10.94,10.94,10.94,18300
28/10/2021,11.31,11.31,10.95,11.08,11.08,69200
29/10/2021,11.04,11.04,11,11.04,11.04,22000
1/11/2021,11.051,11.13,11.051,11.11,11.11,55900
2/11/2021,11.15,11.15,11.1,11.1,11.1,19000
3/11/2021,11.08,11.18,11.08,11.162,11.162,25700
4/11/2021,10.985,11.06,10.97,11,11,16300
5/11/2021,11.07,11.19,11.07,11.14,11.14,51000
8/11/2021,11.03,11.046,11,11.02,11.02,15600
9/11/2021,10.991,10.991,10.67,10.691,10.691,15200
10/11/2021,10.69,10.72,10.61,10.64,10.64,15600
11/11/2021,10.2,10.35,10.2,10.35,10.35,27800
12/11/2021,10.25,10.3,10.25,10.28,10.28,12300
15/11/2021,10.28,10.56,10.28,10.475,10.475,13800
16/11/2021,10.44,10.47,10.42,10.42,10.42,9400
17/11/2021,10.32,10.55,10.32,10.535,10.535,19400
18/11/2021,10.8,10.98,10.8,10.95,10.95,8400
19/11/2021,10.89,10.91,10.89,10.905,10.905,8300
22/11/2021,11.14,11.14,11,11.06,11.06,14400
23/11/2021,11.06,11.06,10.99,11.03,11.03,9800
24/11/2021,10.91,10.91,10.634,10.7,10.7,11600
26/11/2021,10.81,10.81,10.06,10.43,10.43,8900
29/11/2021,10.35,10.43,10.35,10.41,10.41,35100
30/11/2021,10.17,10.32,10.11,10.2,10.2,91300
1/12/2021,10.408,10.52,10.35,10.35,10.35,38300
2/12/2021,10.38,10.38,10.15,10.195,10.195,31400
3/12/2021,10.06,10.15,10.05,10.15,10.15,12400
6/12/2021,10.15,10.15,9.76,9.84,9.84,49100
7/12/2021,9.84,10,9.83,9.99,9.99,87800
8/12/2021,9.99,10.22,9.99,10.123,10.123,31400
9/12/2021,10.643,10.643,10.15,10.21,10.21,25700
10/12/2021,9.79,10.24,9.79,10.03,10.03,69400
13/12/2021,9.8,10.16,9.8,10.07,10.07,126200
14/12/2021,9.99,9.99,9.82,9.87,9.87,74800
15/12/2021,9.76,9.94,9.76,9.94,9.94,77400
16/12/2021,10.21,10.21,9.9,9.9,9.9,16900
17/12/2021,9.76,9.8,9.74,9.74,9.74,15300
20/12/2021,9.806,9.83,9.77,9.8,9.8,11000
21/12/2021,10.11,10.11,9.7,9.73,9.73,57500
22/12/2021,9.7,9.8,9.65,9.75,9.75,64500
23/12/2021,9.65,9.83,9.65,9.77,9.77,15500
27/12/2021,9.77,9.93,9.71,9.905,9.905,22300
28/12/2021,9.98,9.997,9.934,9.98,9.98,11800
29/12/2021,10.1,10.15,10.05,10.13,10.13,5900
30/12/2021,10.1,10.1,10,10,10,23200
31/12/2021,9.7,10,9.7,10,10,18100
3/1/2022,10.41,10.41,9.7,10,10,42500
4/1/2022,10,10.01,9.94,9.94,9.94,132500
5/1/2022,10.25,10.27,10.17,10.195,10.195,82300
6/1/2022,10.21,10.26,10.2,10.24,10.24,55000
7/1/2022,10,10.09,9.83,9.93,9.93,15300
10/1/2022,10.11,10.11,9.83,9.884,9.884,32500
11/1/2022,10.3,10.3,9.84,9.98,9.98,24600
12/1/2022,10.12,10.14,10.08,10.14,10.14,23700
13/1/2022,9.67,10.12,9.67,9.95,9.95,11800
14/1/2022,9.79,9.79,9.595,9.63,9.63,24700
18/1/2022,9.13,9.63,9.13,9.3,9.3,55300
19/1/2022,9.21,9.24,9.17,9.18,9.18,110100
20/1/2022,9.72,9.72,9.22,9.27,9.27,51800
21/1/2022,9.29,9.5,9.29,9.4,9.4,48800
24/1/2022,9.205,9.25,9.13,9.25,9.25,39400
25/1/2022,9.03,9.03,8.612,8.66,8.66,117800
26/1/2022,8.51,8.74,8.51,8.61,8.61,58500
27/1/2022,8.5,8.51,8.38,8.38,8.38,64800
28/1/2022,8.35,8.35,8.2,8.284,8.284,83200
31/1/2022,8.47,8.53,8.4,8.41,8.41,53100
1/2/2022,8.43,8.49,8.42,8.48,8.48,50000
2/2/2022,8.37,8.75,8.37,8.7,8.7,28900
3/2/2022,8.54,8.64,8.54,8.56,8.56,43700
4/2/2022,8.85,8.85,8.5,8.59,8.59,13600
7/2/2022,8.64,8.69,8.45,8.45,8.45,24700
8/2/2022,8.44,8.5,8.39,8.5,8.5,63600
9/2/2022,8.89,8.89,8.59,8.6,8.6,75200
10/2/2022,8.35,8.75,8.35,8.55,8.55,40800
11/2/2022,8.45,8.58,8.39,8.58,8.58,12100
14/2/2022,8.58,8.61,8.15,8.249,8.249,77300
15/2/2022,8.5,8.6,8.29,8.55,8.55,70900
16/2/2022,8.55,8.59,8.5,8.554,8.554,17600
17/2/2022,8.15,8.68,8.15,8.31,8.31,15200
18/2/2022,8.29,8.5,8.29,8.435,8.435,10000
22/2/2022,8.345,8.63,8.17,8.226,8.226,43200
23/2/2022,8.15,8.52,8.11,8.11,8.11,87900
24/2/2022,8,8.22,7.92,8.011,8.011,60000
25/2/2022,8.04,8.36,8.04,8.36,8.36,38300
28/2/2022,8.77,8.8,8.38,8.42,8.42,67800
1/3/2022,8.22,8.658,8.22,8.42,8.42,80000
2/3/2022,8.323,8.37,8.27,8.35,8.35,103200
3/3/2022,8.25,8.25,8.06,8.12,8.12,164300
4/3/2022,8.09,8.125,8.08,8.1,8.1,31500
7/3/2022,7.96,7.97,7.84,7.84,7.84,49400
8/3/2022,7.8,7.8,7.617,7.66,7.66,74900
9/3/2022,7.44,7.77,7.44,7.735,7.735,57400
10/3/2022,7.8,7.85,7.76,7.85,7.85,26700
11/3/2022,7.75,7.84,7.57,7.62,7.62,22700
14/3/2022,7.62,7.77,7.62,7.712,7.712,42400
15/3/2022,7.49,7.7,7.49,7.7,7.7,193000
16/3/2022,7.98,8,7.88,8,8,126800
17/3/2022,8.1,8.18,8.02,8.085,8.085,65800
18/3/2022,8,8.09,8,8.09,8.09,41200
21/3/2022,8.09,8.135,8.02,8.07,8.07,15500
22/3/2022,8.25,8.25,7.99,8.01,8.01,69300
23/3/2022,7.75,8.13,7.75,8.05,8.05,28800
24/3/2022,8.07,8.12,8.07,8.1,8.1,32800
25/3/2022,8.045,8.1,8.01,8.04,8.04,29200
28/3/2022,7.74,8.05,7.74,7.945,7.945,30300
29/3/2022,8.01,8.19,8.01,8.18,8.18,56200
30/3/2022,7.89,8.04,7.89,7.95,7.95,20700
31/3/2022,7.945,8.043,7.85,7.86,7.86,30100
1/4/2022,7.9,7.9,7.8,7.9,7.9,12400
4/4/2022,7.8,8.11,7.8,8.11,8.11,35100
5/4/2022,8.31,8.45,8.19,8.25,8.25,68700
6/4/2022,8,8.06,7.96,8.06,8.06,65500
7/4/2022,7.95,7.99,7.85,7.95,7.95,44400
8/4/2022,7.64,7.721,7.55,7.62,7.62,48900
11/4/2022,7.55,7.59,7.46,7.49,7.49,26400
12/4/2022,7.4,7.485,7.32,7.38,7.38,73700
13/4/2022,7.375,7.46,7.375,7.39,7.39,33300
14/4/2022,7.32,7.43,7.32,7.34,7.34,34000
18/4/2022,7.34,7.43,7.34,7.39,7.39,25200
19/4/2022,7.26,7.4,7.26,7.4,7.4,90300
20/4/2022,7.42,7.52,7.42,7.485,7.485,40700
21/4/2022,7.452,7.5,7.35,7.37,7.37,24200
22/4/2022,7.26,7.358,7.16,7.21,7.21,17000
25/4/2022,7.25,7.28,7.21,7.22,7.22,35100
26/4/2022,7.289,7.37,7.21,7.26,7.26,99300
27/4/2022,7.2,7.292,7.2,7.21,7.21,74200
28/4/2022,7.13,7.21,7.02,7.12,7.12,77900
29/4/2022,7.136,7.155,7.05,7.05,7.05,21400
2/5/2022,7.16,7.16,7,7.05,7.05,88500
3/5/2022,7.085,7.129,7.04,7.075,7.075,115700
4/5/2022,6.975,7.16,6.96,7.16,7.16,113800
5/5/2022,6.93,7.025,6.93,6.96,6.96,136400
6/5/2022,6.63,6.79,6.59,6.59,6.59,56700
9/5/2022,6.34,6.68,6.34,6.51,6.51,158900
10/5/2022,6.505,6.51,6.41,6.48,6.48,290500
11/5/2022,6.335,6.34,6.21,6.24,6.24,209700
12/5/2022,6.12,6.12,6.05,6.05,6.05,47900
13/5/2022,6.375,6.5,6.37,6.5,6.5,41100
16/5/2022,6.19,6.19,6.12,6.128,6.128,53800
17/5/2022,6.16,6.25,6.16,6.22,6.22,181800
18/5/2022,6.07,6.133,6.05,6.06,6.06,37700
19/5/2022,6,6.06,6,6,6,137400
20/5/2022,5.955,6,5.86,5.94,5.94,54500
23/5/2022,5.9,5.94,5.89,5.91,5.91,45600
24/5/2022,5.82,5.82,5.75,5.75,5.75,139300
25/5/2022,5.69,5.69,5.525,5.58,5.58,138300
26/5/2022,5.6,5.66,5.6,5.64,5.64,63200
27/5/2022,5.6,5.73,5.58,5.64,5.64,32700
31/5/2022,5.52,5.63,5.52,5.586,5.586,229300
1/6/2022,5.74,5.74,5.478,5.49,5.49,142500
2/6/2022,5.488,5.55,5.44,5.522,5.522,238200
3/6/2022,5.33,5.56,5.33,5.414,5.414,63800
6/6/2022,5.59,5.59,5.448,5.472,5.472,104300
7/6/2022,5.4,5.42,5.36,5.4,5.4,338000
8/6/2022,5.33,5.34,5.22,5.245,5.245,101800
9/6/2022,5.5,5.5,5.25,5.28,5.28,212400
10/6/2022,5.25,5.298,5.08,5.08,5.08,305500
13/6/2022,5,5,4.86,4.87,4.87,153700
14/6/2022,5.05,5.05,4.644,4.76,4.76,369700
15/6/2022,4.795,4.88,4.78,4.84,4.84,222400
16/6/2022,4.78,4.805,4.67,4.73,4.73,182400
17/6/2022,4.4,4.69,4.4,4.54,4.54,199800
21/6/2022,4.401,4.564,4.4,4.52,4.52,96500
22/6/2022,4.4,4.52,4.4,4.48,4.48,238300
23/6/2022,4.44,4.57,4.44,4.51,4.51,75200
24/6/2022,4.63,4.77,4.63,4.74,4.74,49200
27/6/2022,4.93,4.93,4.66,4.71,4.71,111000
28/6/2022,4.7,4.71,4.45,4.53,4.53,109400
29/6/2022,4.55,4.62,4.55,4.58,4.58,53400
30/6/2022,4.45,4.508,4.43,4.49,4.49,54400
1/7/2022,4.455,4.518,4.43,4.5,4.5,56500
5/7/2022,4.57,4.57,4.5,4.55,4.55,110800
6/7/2022,4.6,4.77,4.6,4.7,4.7,192000
7/7/2022,4.43,4.7,4.43,4.64,4.64,66300
8/7/2022,4.63,4.69,4.62,4.67,4.67,21300
11/7/2022,4.75,4.75,4.63,4.645,4.645,187700
